ISO-10303-21;
HEADER;
FILE_DESCRIPTION (( 'STEP AP203' ),
    '1' );
FILE_NAME ('90866A011_NO THREADS_Zinc-Plated Steel Wing Nut.STEP',
    '2026-07-01T19:40:13',
    ( 'McMaster Carr Supply' ),
    ( 'McMaster Carr Supply' ),
    'SwSTEP 2.0',
    'SolidWorks 2024',
    '' );
FILE_SCHEMA (( 'CONFIG_CONTROL_DESIGN' ));
ENDSEC;

DATA;
#1 = ORIENTED_EDGE ( 'NONE', *, *, #812, .F. ) ;
#2 = VECTOR ( 'NONE', #272, 39.37007874015748143 ) ;
#3 = CIRCLE ( 'NONE', #1492, 0.09499999999999998723 ) ;
#4 = LINE ( 'NONE', #380, #2 ) ;
#5 = VERTEX_POINT ( 'NONE', #490 ) ;
#6 = ADVANCED_FACE ( 'NONE', ( #1253 ), #314, .T. ) ;
#7 = DIRECTION ( 'NONE',  ( -0.2588190451025143002, 0.000000000000000000, 0.9659258262890700886 ) ) ;
#8 = CARTESIAN_POINT ( 'NONE',  ( 0.1273348442121159385, -0.03999591531237550041, -0.1799999999999999933 ) ) ;
#9 = CARTESIAN_POINT ( 'NONE',  ( -0.1945166731846953156, -0.05064437848886138571, -0.02427307498425788565 ) ) ;
#10 = CARTESIAN_POINT ( 'NONE',  ( 0.2062815347679930189, -0.03385416666666667129, -0.4790899470189511344 ) ) ;
#11 = ORIENTED_EDGE ( 'NONE', *, *, #84, .T. ) ;
#12 = ORIENTED_EDGE ( 'NONE', *, *, #1146, .F. ) ;
#13 = CARTESIAN_POINT ( 'NONE',  ( 0.2019147354545330342, 1.555518761477751315E-18, -0.01383338705486507163 ) ) ;
#14 = CARTESIAN_POINT ( 'NONE',  ( -0.1942392198255218916, -0.05076248406733137319, -0.02699999999955699295 ) ) ;
#15 = B_SPLINE_CURVE_WITH_KNOTS ( 'NONE', 3,
 ( #358, #874, #1677, #867 ),
 .UNSPECIFIED., .F., .F.,
 ( 4, 4 ),
 ( 0.002111126300441265244, 0.005779446179095408358 ),
 .UNSPECIFIED. ) ;
#16 = VERTEX_POINT ( 'NONE', #748 ) ;
#17 = CC_DESIGN_PERSON_AND_ORGANIZATION_ASSIGNMENT ( #1445, #1715, ( #442 ) ) ;
#18 = DIRECTION ( 'NONE',  ( -0.9659258262890697555, 0.000000000000000000, 0.2588190451025147998 ) ) ;
#19 = CARTESIAN_POINT ( 'NONE',  ( 0.000000000000000000, 0.000000000000000000, -0.1737822823379756576 ) ) ;
#20 = CARTESIAN_POINT ( 'NONE',  ( -0.1940318685162989165, -0.05078125000000010408, -0.02749443928251407709 ) ) ;
#21 = VERTEX_POINT ( 'NONE', #210 ) ;
#22 = VERTEX_POINT ( 'NONE', #1143 ) ;
#23 = VERTEX_POINT ( 'NONE', #999 ) ;
#24 = FACE_OUTER_BOUND ( 'NONE', #1427, .T. ) ;
#25 = LINE ( 'NONE', #1224, #730 ) ;
#26 = DIRECTION ( 'NONE',  ( -1.000000000000000000, 0.000000000000000000, 0.000000000000000000 ) ) ;
#27 = DIRECTION ( 'NONE',  ( -1.000000000000000000, -0.000000000000000000, 2.017364672244381116E-15 ) ) ;
#28 = AXIS2_PLACEMENT_3D ( 'NONE', #638, #1440, #1169 ) ;
#29 = ORIENTED_EDGE ( 'NONE', *, *, #278, .T. ) ;
#30 = VECTOR ( 'NONE', #918, 39.37007874015748143 ) ;
#31 = EDGE_CURVE ( 'NONE', #1170, #763, #565, .T. ) ;
#32 = AXIS2_PLACEMENT_3D ( 'NONE', #299, #937, #664 ) ;
#33 = AXIS2_PLACEMENT_3D ( 'NONE', #1104, #1580, #915 ) ;
#34 = EDGE_LOOP ( 'NONE', ( #658, #1111, #1244, #523, #1321, #588 ) ) ;
#35 = AXIS2_PLACEMENT_3D ( 'NONE', #823, #1336, #1183 ) ;
#36 = VERTEX_POINT ( 'NONE', #1276 ) ;
#37 = AXIS2_PLACEMENT_3D ( 'NONE', #896, #1004, #905 ) ;
#38 = SECURITY_CLASSIFICATION_LEVEL ( 'unclassified' ) ;
#39 = ADVANCED_FACE ( 'NONE', ( #1673 ), #108, .T. ) ;
#40 = CARTESIAN_POINT ( 'NONE',  ( -0.1981403315261562326, 0.04265153026080761162, -0.01350000000000000852 ) ) ;
#41 = CARTESIAN_POINT ( 'NONE',  ( -0.2335320463603496322, -0.03385416666666667129, -0.4717881944444444198 ) ) ;
#42 = EDGE_LOOP ( 'NONE', ( #1380, #1568, #386, #603 ) ) ;
#43 = ORIENTED_EDGE ( 'NONE', *, *, #242, .F. ) ;
#44 = APPROVAL_ROLE ( '' ) ;
#45 = CARTESIAN_POINT ( 'NONE',  ( 0.1339733259106274665, 0.04890183984533513772, -0.1737822823379939485 ) ) ;
#46 = DIRECTION ( 'NONE',  ( 1.000000000000000000, 0.000000000000000000, 0.000000000000000000 ) ) ;
#47 = ORIENTED_EDGE ( 'NONE', *, *, #507, .T. ) ;
#48 = ORIENTED_EDGE ( 'NONE', *, *, #1052, .F. ) ;
#49 = VERTEX_POINT ( 'NONE', #989 ) ;
#50 = APPROVAL_DATE_TIME ( #1501, #1097 ) ;
#51 = EDGE_CURVE ( 'NONE', #351, #1330, #1259, .T. ) ;
#52 = DIRECTION ( 'NONE',  ( 0.000000000000000000, 1.000000000000000000, 0.000000000000000000 ) ) ;
#53 = CARTESIAN_POINT ( 'NONE',  ( 0.1386140128027603668, -0.05078125000000000000, -0.1611500892007556862 ) ) ;
#54 = EDGE_LOOP ( 'NONE', ( #1612, #820, #429, #12, #1185, #970 ) ) ;
#55 = DIRECTION ( 'NONE',  ( -1.000000000000000000, 0.000000000000000000, -0.000000000000000000 ) ) ;
#56 = ORIENTED_EDGE ( 'NONE', *, *, #1076, .F. ) ;
#57 = APPROVAL_STATUS ( 'not_yet_approved' ) ;
#58 = LOCAL_TIME ( 14, 40, 13.00000000000000000, #976 ) ;
#59 = CIRCLE ( 'NONE', #779, 0.01692708333333333912 ) ;
#60 = B_SPLINE_CURVE_WITH_KNOTS ( 'NONE', 3,
 ( #171, #40, #534, #1094 ),
 .UNSPECIFIED., .F., .F.,
 ( 4, 4 ),
 ( 0.000000000000000000, 4.255884498418081228E-05 ),
 .UNSPECIFIED. ) ;
#61 = CARTESIAN_POINT ( 'NONE',  ( -0.2019147354545330342, 0.01232900531308257948, -0.01383338705486514622 ) ) ;
#62 = CARTESIAN_POINT ( 'NONE',  ( -0.1261406250000000062, -0.03385416666666667129, -0.1799999999999999933 ) ) ;
#63 = AXIS2_PLACEMENT_3D ( 'NONE', #617, #780, #1153 ) ;
#64 = ORIENTED_EDGE ( 'NONE', *, *, #1052, .T. ) ;
#65 = CARTESIAN_POINT ( 'NONE',  ( 0.4092881944444444198, 0.05078125000000000000, -0.4180541475201448032 ) ) ;
#66 = DIRECTION ( 'NONE',  ( -1.000000000000000000, 0.000000000000000000, 0.000000000000000000 ) ) ;
#67 = APPROVAL ( #57, 'UNSPECIFIED' ) ;
#68 = DIRECTION ( 'NONE',  ( -0.000000000000000000, -0.000000000000000000, -1.000000000000000000 ) ) ;
#69 = DIRECTION ( 'NONE',  ( 1.000000000000000000, 0.000000000000000000, 0.000000000000000000 ) ) ;
#70 = ORIENTED_EDGE ( 'NONE', *, *, #1177, .T. ) ;
#71 = CARTESIAN_POINT ( 'NONE',  ( -0.09499999999999998723, 0.000000000000000000, -0.1799999999999999933 ) ) ;
#72 = CARTESIAN_POINT ( 'NONE',  ( 0.000000000000000000, 0.000000000000000000, 0.000000000000000000 ) ) ;
#73 = ORIENTED_EDGE ( 'NONE', *, *, #1383, .F. ) ;
#74 =( BOUNDED_CURVE ( )  B_SPLINE_CURVE ( 3, ( #116, #1307, #1147, #125 ),
 .UNSPECIFIED., .F., .F. ) 
 B_SPLINE_CURVE_WITH_KNOTS ( ( 4, 4 ),
 ( 5.911876227768966707, 6.283185307179586232 ),
 .UNSPECIFIED. ) 
 CURVE ( )  GEOMETRIC_REPRESENTATION_ITEM ( )  RATIONAL_B_SPLINE_CURVE ( ( 1.000000000000000000, 0.9885437598487465394, 0.9885437598487465394, 1.000000000000000000 ) ) 
 REPRESENTATION_ITEM ( '' )  );
#75 = DIRECTION ( 'NONE',  ( 1.000000000000000000, 0.000000000000000000, 0.000000000000000000 ) ) ;
#76 = CARTESIAN_POINT ( 'NONE',  ( 0.000000000000000000, 0.000000000000000000, -0.01350000000000000852 ) ) ;
#77 = EDGE_CURVE ( 'NONE', #1098, #463, #1016, .T. ) ;
#78 = CARTESIAN_POINT ( 'NONE',  ( -0.02883749098827556590, 0.03385416666666667129, -0.4180541475201488000 ) ) ;
#79 = DIRECTION ( 'NONE',  ( -0.000000000000000000, -1.000000000000000000, -0.000000000000000000 ) ) ;
#80 = ORIENTED_EDGE ( 'NONE', *, *, #1263, .T. ) ;
#81 = TOROIDAL_SURFACE ( 'NONE', #1187, 0.01128472222222223591, 0.01692708333333333218 ) ;
#82 = VECTOR ( 'NONE', #400, 39.37007874015748143 ) ;
#83 = AXIS2_PLACEMENT_3D ( 'NONE', #1569, #141, #660 ) ;
#84 = EDGE_CURVE ( 'NONE', #1498, #982, #1464, .T. ) ;
#85 = DIRECTION ( 'NONE',  ( 1.000000000000000000, 0.000000000000000000, -0.000000000000000000 ) ) ;
#86 = CARTESIAN_POINT ( 'NONE',  ( 0.2017138017992769206, -0.03960217212546856408, -0.01350000000000000852 ) ) ;
#87 = FACE_OUTER_BOUND ( 'NONE', #34, .T. ) ;
#88 = DIRECTION ( 'NONE',  ( -0.000000000000000000, -1.000000000000000000, -0.000000000000000000 ) ) ;
#89 = ORIENTED_EDGE ( 'NONE', *, *, #259, .F. ) ;
#90 = FACE_OUTER_BOUND ( 'NONE', #294, .T. ) ;
#91 = CARTESIAN_POINT ( 'NONE',  ( 0.4092881944444444198, 0.03385416666666667129, -0.4180541475201448032 ) ) ;
#92 = FACE_OUTER_BOUND ( 'NONE', #252, .T. ) ;
#93 = VERTEX_POINT ( 'NONE', #1265 ) ;
#94 = CARTESIAN_POINT ( 'NONE',  ( -0.2019147354545330342, 2.317190469008604461E-17, -0.01383338705486507163 ) ) ;
#95 = DIRECTION ( 'NONE',  ( 0.000000000000000000, -1.000000000000000000, -0.000000000000000000 ) ) ;
#96 = B_SPLINE_CURVE_WITH_KNOTS ( 'NONE', 3,
 ( #119, #1168, #1702, #13 ),
 .UNSPECIFIED., .F., .F.,
 ( 4, 4 ),
 ( 1.094331091973483816E-06, 0.0009385218283102631474 ),
 .UNSPECIFIED. ) ;
#97 = ORIENTED_EDGE ( 'NONE', *, *, #526, .F. ) ;
#98 = ORIENTED_EDGE ( 'NONE', *, *, #521, .F. ) ;
#99 = CARTESIAN_POINT ( 'NONE',  ( -0.2335320463603496599, -0.03385416666666667129, -0.5000000000000000000 ) ) ;
#100 = CARTESIAN_POINT ( 'NONE',  ( -0.1976961754446904806, -0.04299788920735881509, -0.01350000000000000852 ) ) ;
#101 = EDGE_CURVE ( 'NONE', #846, #1589, #363, .T. ) ;
#102 = DIRECTION ( 'NONE',  ( 0.000000000000000000, 1.000000000000000000, 0.000000000000000000 ) ) ;
#103 = ORIENTED_EDGE ( 'NONE', *, *, #114, .T. ) ;
#104 = ADVANCED_FACE ( 'NONE', ( #219 ), #231, .T. ) ;
#105 = CARTESIAN_POINT ( 'NONE',  ( -0.1339733259106783980, 0.04890183984521664917, -0.1737822823379756576 ) ) ;
#106 = EDGE_CURVE ( 'NONE', #555, #755, #1077, .T. ) ;
#107 = CARTESIAN_POINT ( 'NONE',  ( -0.1985717735954083130, -0.03675038376904609522, -0.01350000000000000852 ) ) ;
#108 = TOROIDAL_SURFACE ( 'NONE', #964, 0.01128472222222226019, 0.01692708333333333218 ) ;
#109 = EDGE_LOOP ( 'NONE', ( #1088, #495, #1036, #1585, #436, #772 ) ) ;
#110 = VECTOR ( 'NONE', #1703, 39.37007874015748854 ) ;
#111 = DIRECTION ( 'NONE',  ( 1.000000000000000000, 0.000000000000000000, 0.000000000000000000 ) ) ;
#112 = CARTESIAN_POINT ( 'NONE',  ( -0.02883749098827556590, 0.05078125000000000000, -0.4180541475201488000 ) ) ;
#113 = CIRCLE ( 'NONE', #221, 0.01128472222222225499 ) ;
#114 = EDGE_CURVE ( 'NONE', #676, #1024, #1326, .T. ) ;
#115 = AXIS2_PLACEMENT_3D ( 'NONE', #149, #1327, #548 ) ;
#116 = CARTESIAN_POINT ( 'NONE',  ( -0.1273348442121158552, -0.03999591531237539632, -0.1800000000000000211 ) ) ;
#117 = VERTEX_POINT ( 'NONE', #14 ) ;
#118 = AXIS2_PLACEMENT_3D ( 'NONE', #762, #377, #1015 ) ;
#119 = CARTESIAN_POINT ( 'NONE',  ( 0.1985717735954083130, -0.03675038376904609522, -0.01350000000000000852 ) ) ;
#120 = PLANE ( 'NONE',  #1132 ) ;
#121 = ORIENTED_EDGE ( 'NONE', *, *, #687, .T. ) ;
#122 = CARTESIAN_POINT ( 'NONE',  ( 0.02883749098827556590, -0.03385416666666667129, -0.4180541475201488000 ) ) ;
#123 = CARTESIAN_POINT ( 'NONE',  ( 0.2071371639531136566, -0.03385416666666667129, -0.01582707517601572578 ) ) ;
#124 = EDGE_CURVE ( 'NONE', #117, #726, #1245, .T. ) ;
#125 = CARTESIAN_POINT ( 'NONE',  ( -0.1261406250000000062, -0.03385416666666667129, -0.1799999999999999933 ) ) ;
#126 =( BOUNDED_CURVE ( )  B_SPLINE_CURVE ( 3, ( #1180, #1469, #1195, #1714 ),
 .UNSPECIFIED., .F., .T. ) 
 B_SPLINE_CURVE_WITH_KNOTS ( ( 4, 4 ),
 ( 2.770283574179166042, 3.141592653589793116 ),
 .UNSPECIFIED. ) 
 CURVE ( )  GEOMETRIC_REPRESENTATION_ITEM ( )  RATIONAL_B_SPLINE_CURVE ( ( 1.000000000000000000, 0.9885437598487458732, 0.9885437598487458732, 1.000000000000000000 ) ) 
 REPRESENTATION_ITEM ( '' )  );
#127 = ORIENTED_EDGE ( 'NONE', *, *, #469, .T. ) ;
#128 = CARTESIAN_POINT ( 'NONE',  ( -0.1424909319554139298, 0.05078125000000000000, -0.1756189484552959368 ) ) ;
#129 = EDGE_CURVE ( 'NONE', #1093, #159, #1117, .T. ) ;
#130 = DIRECTION ( 'NONE',  ( -1.000000000000000000, 0.000000000000000000, 0.000000000000000000 ) ) ;
#131 = ORIENTED_EDGE ( 'NONE', *, *, #751, .T. ) ;
#132 = VERTEX_POINT ( 'NONE', #241 ) ;
#133 = CARTESIAN_POINT ( 'NONE',  ( -0.1985717735954083130, 0.03675038376904609522, -0.01350000000000000852 ) ) ;
#134 = CARTESIAN_POINT ( 'NONE',  ( 0.000000000000000000, 0.000000000000000000, -0.1799999999999999933 ) ) ;
#135 = DIRECTION ( 'NONE',  ( -1.000000000000000000, 0.000000000000000000, 0.000000000000000000 ) ) ;
#136 = EDGE_LOOP ( 'NONE', ( #766, #986, #233, #1387 ) ) ;
#137 = CARTESIAN_POINT ( 'NONE',  ( 0.2019147354545330342, 1.555518761477751315E-18, -0.01383338705486507163 ) ) ;
#138 = DIRECTION ( 'NONE',  ( -1.000000000000000000, 0.000000000000000000, -0.000000000000000000 ) ) ;
#139 = EDGE_CURVE ( 'NONE', #759, #1370, #1655, .T. ) ;
#140 = ORIENTED_EDGE ( 'NONE', *, *, #756, .T. ) ;
#141 = DIRECTION ( 'NONE',  ( 0.000000000000000000, 1.000000000000000000, 0.000000000000000000 ) ) ;
#142 = CARTESIAN_POINT ( 'NONE',  ( 0.02883749098827556590, 0.03385416666666667129, -0.4180541475201488000 ) ) ;
#143 = EDGE_CURVE ( 'NONE', #819, #568, #1156, .T. ) ;
#144 = CARTESIAN_POINT ( 'NONE',  ( -0.1333068213148525805, -0.04828866703986648551, -0.1758936223479193872 ) ) ;
#145 = DIRECTION ( 'NONE',  ( 0.000000000000000000, 1.000000000000000000, 0.000000000000000000 ) ) ;
#146 = B_SPLINE_CURVE_WITH_KNOTS ( 'NONE', 3,
 ( #594, #1510, #1234, #851, #212, #1361 ),
 .UNSPECIFIED., .F., .F.,
 ( 4, 2, 4 ),
 ( 1.986188337936022840E-07, 0.0002066028135348328817, 0.0004130070082358721739 ),
 .UNSPECIFIED. ) ;
#147 = ORIENTED_EDGE ( 'NONE', *, *, #1619, .T. ) ;
#148 = VECTOR ( 'NONE', #1401, 39.37007874015748143 ) ;
#149 = CARTESIAN_POINT ( 'NONE',  ( 0.2335320463603499375, -0.05078125000000000000, -0.1574849423945224314 ) ) ;
#150 = DIRECTION ( 'NONE',  ( 0.000000000000000000, 1.000000000000000000, 0.000000000000000000 ) ) ;
#151 = CIRCLE ( 'NONE', #226, 0.3255879742721442538 ) ;
#152 = EDGE_LOOP ( 'NONE', ( #43, #415, #229, #179, #1560, #48 ) ) ;
#153 = CARTESIAN_POINT ( 'NONE',  ( -0.1339733259106274388, -0.04890183984533511691, -0.1737822823379940318 ) ) ;
#154 = DIRECTION ( 'NONE',  ( -0.000000000000000000, -1.000000000000000000, -0.000000000000000000 ) ) ;
#155 = CARTESIAN_POINT ( 'NONE',  ( 0.1985717735954083130, 0.05078125000000000000, -0.01350000000000000852 ) ) ;
#156 = DIRECTION ( 'NONE',  ( 0.000000000000000000, 0.000000000000000000, 1.000000000000000000 ) ) ;
#157 = EDGE_LOOP ( 'NONE', ( #1181, #913 ) ) ;
#158 = EDGE_LOOP ( 'NONE', ( #1068, #307, #435, #1627 ) ) ;
#159 = VERTEX_POINT ( 'NONE', #107 ) ;
#160 = DIRECTION ( 'NONE',  ( -1.000000000000000000, 0.000000000000000000, 0.000000000000000000 ) ) ;
#161 = EDGE_CURVE ( 'NONE', #402, #1098, #420, .T. ) ;
#162 = DIRECTION ( 'NONE',  ( 0.000000000000000000, 0.000000000000000000, -1.000000000000000000 ) ) ;
#163 = DIRECTION ( 'NONE',  ( 0.000000000000000000, 0.000000000000000000, 1.000000000000000000 ) ) ;
#164 = EDGE_CURVE ( 'NONE', #1694, #23, #908, .T. ) ;
#165 = VERTEX_POINT ( 'NONE', #911 ) ;
#166 = PRODUCT_DEFINITION_SHAPE ( 'NONE', 'NONE',  #857 ) ;
#167 = EDGE_CURVE ( 'NONE', #627, #22, #1513, .T. ) ;
#168 = EDGE_LOOP ( 'NONE', ( #816, #97, #419, #871, #406, #1291, #1070 ) ) ;
#169 = B_SPLINE_CURVE_WITH_KNOTS ( 'NONE', 3,
 ( #817, #1343, #1368, #850 ),
 .UNSPECIFIED., .F., .F.,
 ( 4, 4 ),
 ( 0.0006883232916458145029, 0.0007084795015752369963 ),
 .UNSPECIFIED. ) ;
#170 = ORIENTED_EDGE ( 'NONE', *, *, #795, .F. ) ;
#171 = CARTESIAN_POINT ( 'NONE',  ( -0.1985717735954083130, 0.04228336674376443477, -0.01350000000000000852 ) ) ;
#172 = CARTESIAN_POINT ( 'NONE',  ( 0.1966153972431599062, 0.04560129324500668269, -0.01490974543046975215 ) ) ;
#173 = AXIS2_PLACEMENT_3D ( 'NONE', #1301, #264, #890 ) ;
#174 = ORIENTED_EDGE ( 'NONE', *, *, #767, .F. ) ;
#175 = AXIS2_PLACEMENT_3D ( 'NONE', #512, #381, #1311 ) ;
#176 = AXIS2_PLACEMENT_3D ( 'NONE', #1566, #764, #502 ) ;
#177 = AXIS2_PLACEMENT_3D ( 'NONE', #1322, #7, #542 ) ;
#178 = CIRCLE ( 'NONE', #914, 0.01128472222222225499 ) ;
#179 = ORIENTED_EDGE ( 'NONE', *, *, #1188, .T. ) ;
#180 = AXIS2_PLACEMENT_3D ( 'NONE', #1172, #1417, #743 ) ;
#181 = DATE_AND_TIME ( #196, #58 ) ;
#182 = EDGE_CURVE ( 'NONE', #819, #625, #1433, .T. ) ;
#183 = CYLINDRICAL_SURFACE ( 'NONE', #974, 0.09499999999999998723 ) ;
#184 = FACE_OUTER_BOUND ( 'NONE', #42, .T. ) ;
#185 = ORIENTED_EDGE ( 'NONE', *, *, #493, .T. ) ;
#186 = EDGE_CURVE ( 'NONE', #16, #801, #1421, .T. ) ;
#187 = ORIENTED_EDGE ( 'NONE', *, *, #356, .T. ) ;
#188 = PERSON_AND_ORGANIZATION_ROLE ( 'creator' ) ;
#189 = EDGE_CURVE ( 'NONE', #684, #1205, #910, .T. ) ;
#190 = CARTESIAN_POINT ( 'NONE',  ( -0.4205729166666666852, -0.03385416666666667129, -0.4180541475201448032 ) ) ;
#191 = CARTESIAN_POINT ( 'NONE',  ( 0.09499999999999998723, 1.163414459189985436E-17, 0.000000000000000000 ) ) ;
#192 = B_SPLINE_CURVE_WITH_KNOTS ( 'NONE', 3,
 ( #1003, #320, #1239, #584 ),
 .UNSPECIFIED., .F., .F.,
 ( 4, 4 ),
 ( 0.004823131801164408719, 0.008490598199729377377 ),
 .UNSPECIFIED. ) ;
#193 = EDGE_LOOP ( 'NONE', ( #528, #736, #1507, #1458 ) ) ;
#194 = PLANE ( 'NONE',  #1520 ) ;
#195 = ORIENTED_EDGE ( 'NONE', *, *, #232, .F. ) ;
#196 = CALENDAR_DATE ( 2026, 1, 7 ) ;
#197 = DIRECTION ( 'NONE',  ( 0.000000000000000000, 1.000000000000000000, 0.000000000000000000 ) ) ;
#198 = DIRECTION ( 'NONE',  ( 0.2588190451025143002, 0.000000000000000000, 0.9659258262890699775 ) ) ;
#199 = ORIENTED_EDGE ( 'NONE', *, *, #186, .T. ) ;
#200 = VECTOR ( 'NONE', #742, 39.37007874015748143 ) ;
#201 = DIRECTION ( 'NONE',  ( 0.000000000000000000, 0.000000000000000000, -1.000000000000000000 ) ) ;
#202 = ADVANCED_FACE ( 'NONE', ( #931, #1039 ), #120, .T. ) ;
#203 = ORIENTED_EDGE ( 'NONE', *, *, #1213, .F. ) ;
#204 = LOCAL_TIME ( 14, 40, 13.00000000000000000, #592 ) ;
#205 = AXIS2_PLACEMENT_3D ( 'NONE', #134, #162, #1582 ) ;
#206 = CARTESIAN_POINT ( 'NONE',  ( -0.2335320463603496322, 0.05078125000000000000, -0.4830729166666666852 ) ) ;
#207 = CARTESIAN_POINT ( 'NONE',  ( -0.1756883528030423469, 0.05078125000000000000, -0.07229191836987410025 ) ) ;
#208 = ORIENTED_EDGE ( 'NONE', *, *, #1695, .T. ) ;
#209 = CARTESIAN_POINT ( 'NONE',  ( -0.1333069962583938450, 0.04828882798489754491, -0.1758930681671797835 ) ) ;
#210 = CARTESIAN_POINT ( 'NONE',  ( -0.2071371639531136566, 0.03385416666666667129, -0.01582707517601572578 ) ) ;
#211 = DIRECTION ( 'NONE',  ( 0.000000000000000000, 0.000000000000000000, -1.000000000000000000 ) ) ;
#212 = CARTESIAN_POINT ( 'NONE',  ( -0.1966150726582987507, 0.04560247281026542227, -0.01491047642974840243 ) ) ;
#213 = EDGE_CURVE ( 'NONE', #627, #1447, #649, .T. ) ;
#214 = CARTESIAN_POINT ( 'NONE',  ( 0.000000000000000000, 0.000000000000000000, -0.01008647131817879544 ) ) ;
#215 = EDGE_LOOP ( 'NONE', ( #1639, #1579, #127, #140 ) ) ;
#216 = CARTESIAN_POINT ( 'NONE',  ( -0.1985717735954083130, 0.05078125000000000000, -0.01350000000000000852 ) ) ;
#217 = FACE_OUTER_BOUND ( 'NONE', #923, .T. ) ;
#218 = CARTESIAN_POINT ( 'NONE',  ( -0.2226318417234070257, -0.03385416666666667129, -0.4747088954742471056 ) ) ;
#219 = FACE_OUTER_BOUND ( 'NONE', #1373, .T. ) ;
#220 = TOROIDAL_SURFACE ( 'NONE', #1657, 0.4494104076549423898, 0.01692708333333333218 ) ;
#221 = AXIS2_PLACEMENT_3D ( 'NONE', #1067, #1594, #1472 ) ;
#222 = VECTOR ( 'NONE', #1444, 39.37007874015748143 ) ;
#223 = CARTESIAN_POINT ( 'NONE',  ( 0.000000000000000000, 0.000000000000000000, -0.1799999999999999933 ) ) ;
#224 = DIRECTION ( 'NONE',  ( -0.000000000000000000, -1.000000000000000000, -0.000000000000000000 ) ) ;
#225 = CIRCLE ( 'NONE', #1057, 0.3425150576054775686 ) ;
#226 = AXIS2_PLACEMENT_3D ( 'NONE', #985, #753, #652 ) ;
#227 = DIRECTION ( 'NONE',  ( -3.565965235364789705E-15, 0.000000000000000000, 1.000000000000000000 ) ) ;
#228 = CIRCLE ( 'NONE', #1198, 0.02821180555555556982 ) ;
#229 = ORIENTED_EDGE ( 'NONE', *, *, #927, .F. ) ;
#230 = CARTESIAN_POINT ( 'NONE',  ( 0.4375000000000001110, 0.03385416666666667129, -0.4180541475201448032 ) ) ;
#231 = CYLINDRICAL_SURFACE ( 'NONE', #1403, 0.02821180555555556982 ) ;
#232 = EDGE_CURVE ( 'NONE', #1093, #5, #657, .T. ) ;
#233 = ORIENTED_EDGE ( 'NONE', *, *, #1041, .T. ) ;
#234 = CARTESIAN_POINT ( 'NONE',  ( -0.2062815347679930744, 0.03385416666666667129, -0.4790899470189511344 ) ) ;
#235 = CARTESIAN_POINT ( 'NONE',  ( 0.2008215282529421386, 0.02459438084650550013, -0.01349999999999999117 ) ) ;
#236 = EDGE_CURVE ( 'NONE', #132, #720, #1567, .T. ) ;
#237 = ADVANCED_FACE ( 'NONE', ( #1576 ), #966, .T. ) ;
#238 = FACE_OUTER_BOUND ( 'NONE', #1618, .T. ) ;
#239 = ORIENTED_EDGE ( 'NONE', *, *, #1668, .T. ) ;
#240 = CARTESIAN_POINT ( 'NONE',  ( 0.2071371639531136566, 0.05078125000000000000, -0.01582707517601571537 ) ) ;
#241 = CARTESIAN_POINT ( 'NONE',  ( -0.2335320463603496599, 0.03385416666666667129, -0.5000000000000000000 ) ) ;
#242 = EDGE_CURVE ( 'NONE', #708, #612, #879, .T. ) ;
#243 = ORIENTED_EDGE ( 'NONE', *, *, #1388, .T. ) ;
#244 = DIRECTION ( 'NONE',  ( -0.000000000000000000, -0.000000000000000000, 1.000000000000000000 ) ) ;
#245 = CARTESIAN_POINT ( 'NONE',  ( -0.1981404057710812461, -0.04265146690423890496, -0.01350000000000000852 ) ) ;
#246 = CARTESIAN_POINT ( 'NONE',  ( -0.4092881944444444198, -0.03385416666666667129, -0.4180541475201448032 ) ) ;
#247 = ORIENTED_EDGE ( 'NONE', *, *, #1638, .F. ) ;
#248 = FACE_OUTER_BOUND ( 'NONE', #303, .T. ) ;
#249 = DIRECTION ( 'NONE',  ( -0.000000000000000000, -0.000000000000000000, 1.000000000000000000 ) ) ;
#250 = B_SPLINE_CURVE_WITH_KNOTS ( 'NONE', 3,
 ( #1434, #500, #1678, #1539 ),
 .UNSPECIFIED., .F., .F.,
 ( 4, 4 ),
 ( 0.000000000000000000, 0.0003114381297425478502 ),
 .UNSPECIFIED. ) ;
#251 = EDGE_CURVE ( 'NONE', #1447, #5, #1354, .T. ) ;
#252 = EDGE_LOOP ( 'NONE', ( #1700, #1704, #1353, #121 ) ) ;
#253 = AXIS2_PLACEMENT_3D ( 'NONE', #246, #102, #258 ) ;
#254 = LINE ( 'NONE', #234, #706 ) ;
#255 = CARTESIAN_POINT ( 'NONE',  ( 0.2071371639531136566, 0.03385416666666667129, -0.01582707517601572578 ) ) ;
#256 = AXIS2_PLACEMENT_3D ( 'NONE', #700, #1226, #945 ) ;
#257 = AXIS2_PLACEMENT_3D ( 'NONE', #65, #1281, #201 ) ;
#258 = DIRECTION ( 'NONE',  ( 0.000000000000000000, 0.000000000000000000, 1.000000000000000000 ) ) ;
#259 = EDGE_CURVE ( 'NONE', #22, #5, #1596, .T. ) ;
#260 = AXIS2_PLACEMENT_3D ( 'NONE', #475, #1254, #75 ) ;
#261 = ORIENTED_EDGE ( 'NONE', *, *, #1383, .T. ) ;
#262 = CIRCLE ( 'NONE', #917, 0.01692708333333331483 ) ;
#263 = FACE_OUTER_BOUND ( 'NONE', #932, .T. ) ;
#264 = DIRECTION ( 'NONE',  ( -0.8290375725550414021, -0.000000000000000000, 0.5591929034707474599 ) ) ;
#265 = ORIENTED_EDGE ( 'NONE', *, *, #139, .T. ) ;
#266 = CARTESIAN_POINT ( 'NONE',  ( 0.000000000000000000, 0.000000000000000000, -0.1799999999999999933 ) ) ;
#267 = CARTESIAN_POINT ( 'NONE',  ( -0.1916229035795614100, -0.05078125000000000000, -0.3589819628326517686 ) ) ;
#268 = DIRECTION ( 'NONE',  ( -0.9659258262890699775, 0.000000000000000000, -0.2588190451025145777 ) ) ;
#269 = CARTESIAN_POINT ( 'NONE',  ( 0.1942392198255218916, 0.05076248406733137319, -0.02699999999955701030 ) ) ;
#270 = ADVANCED_FACE ( 'NONE', ( #87 ), #1010, .F. ) ;
#271 = ORIENTED_EDGE ( 'NONE', *, *, #713, .F. ) ;
#272 = DIRECTION ( 'NONE',  ( 0.2588190451025143002, -0.000000000000000000, -0.9659258262890699775 ) ) ;
#273 = CARTESIAN_POINT ( 'NONE',  ( -0.02883749098827556590, 0.05078125000000000000, -0.4180541475201488000 ) ) ;
#274 = ADVANCED_FACE ( 'NONE', ( #653 ), #81, .T. ) ;
#275 = ORIENTED_EDGE ( 'NONE', *, *, #1668, .F. ) ;
#276 = CARTESIAN_POINT ( 'NONE',  ( -0.2335320463603496322, 0.03385416666666667129, -0.4717881944444444198 ) ) ;
#277 =( NAMED_UNIT ( * ) PLANE_ANGLE_UNIT ( ) SI_UNIT ( $, .RADIAN. ) );
#278 = EDGE_CURVE ( 'NONE', #865, #759, #250, .T. ) ;
#279 = CARTESIAN_POINT ( 'NONE',  ( -0.4250640359052077488, -0.03385416666666667129, -0.4414427943153174105 ) ) ;
#280 = CARTESIAN_POINT ( 'NONE',  ( -0.1941346837816370630, -0.05077504851179107104, -0.02724730394188526125 ) ) ;
#281 = VERTEX_POINT ( 'NONE', #887 ) ;
#282 = LINE ( 'NONE', #1038, #1269 ) ;
#283 = DIRECTION ( 'NONE',  ( 0.000000000000000000, 1.000000000000000000, 0.000000000000000000 ) ) ;
#284 = ORIENTED_EDGE ( 'NONE', *, *, #236, .F. ) ;
#285 = DIRECTION ( 'NONE',  ( 0.000000000000000000, 0.000000000000000000, 1.000000000000000000 ) ) ;
#286 = AXIS2_PLACEMENT_3D ( 'NONE', #503, #79, #1413 ) ;
#287 = DIRECTION ( 'NONE',  ( 0.000000000000000000, 0.000000000000000000, 1.000000000000000000 ) ) ;
#288 = CARTESIAN_POINT ( 'NONE',  ( 0.1261406250000000062, 0.05078125000000000000, -0.1799999999999999933 ) ) ;
#289 = ORIENTED_EDGE ( 'NONE', *, *, #722, .F. ) ;
#290 = CIRCLE ( 'NONE', #1490, 0.2019439030424000359 ) ;
#291 = CC_DESIGN_APPROVAL ( #609, ( #616 ) ) ;
#292 = AXIS2_PLACEMENT_3D ( 'NONE', #1461, #799, #1066 ) ;
#293 = ADVANCED_FACE ( 'NONE', ( #238 ), #1688, .T. ) ;
#294 = EDGE_LOOP ( 'NONE', ( #557, #590, #848, #1148 ) ) ;
#295 = ADVANCED_FACE ( 'NONE', ( #1035 ), #1517, .T. ) ;
#296 = CARTESIAN_POINT ( 'NONE',  ( -0.2062815347679930189, -0.03385416666666667129, -0.4790899470189511344 ) ) ;
#297 = DIRECTION ( 'NONE',  ( 1.775734181964578607E-15, 0.000000000000000000, 1.000000000000000000 ) ) ;
#298 = DIRECTION ( 'NONE',  ( -0.000000000000000000, -0.000000000000000000, 1.000000000000000000 ) ) ;
#299 = CARTESIAN_POINT ( 'NONE',  ( 0.02883749098827556590, 0.05078125000000000000, -0.4180541475201488000 ) ) ;
#300 = EDGE_LOOP ( 'NONE', ( #1102, #1683, #696 ) ) ;
#301 = VERTEX_POINT ( 'NONE', #1671 ) ;
#302 = ORIENTED_EDGE ( 'NONE', *, *, #1619, .F. ) ;
#303 = EDGE_LOOP ( 'NONE', ( #1487, #247, #712, #1296 ) ) ;
#304 = DIRECTION ( 'NONE',  ( 1.000000000000000000, 0.000000000000000000, 0.000000000000000000 ) ) ;
#305 = CARTESIAN_POINT ( 'NONE',  ( 0.1333069962583957047, -0.04828882798489907840, -0.1758930681671770913 ) ) ;
#306 = CYLINDRICAL_SURFACE ( 'NONE', #32, 0.4663374909882757047 ) ;
#307 = ORIENTED_EDGE ( 'NONE', *, *, #1410, .T. ) ;
#308 = ORIENTED_EDGE ( 'NONE', *, *, #189, .F. ) ;
#309 = VERTEX_POINT ( 'NONE', #1426 ) ;
#310 = PRODUCT_RELATED_PRODUCT_CATEGORY ( 'detail', '', ( #442 ) ) ;
#311 = PERSON_AND_ORGANIZATION ( #412, #643 ) ;
#312 = CARTESIAN_POINT ( 'NONE',  ( 0.1352966716030498118, 0.05011929520269224614, -0.1695902141585641787 ) ) ;
#313 = CARTESIAN_POINT ( 'NONE',  ( 0.1424909319554139298, 0.05078125000000000000, -0.1756189484552959368 ) ) ;
#314 = TOROIDAL_SURFACE ( 'NONE', #940, 0.1334684823927417552, 0.009842519685039369942 ) ;
#315 = ORIENTED_EDGE ( 'NONE', *, *, #1126, .T. ) ;
#316 = ADVANCED_FACE ( 'NONE', ( #92 ), #1294, .T. ) ;
#317 = AXIS2_PLACEMENT_3D ( 'NONE', #674, #1583, #163 ) ;
#318 = ORIENTED_EDGE ( 'NONE', *, *, #213, .T. ) ;
#319 = DATE_AND_TIME ( #1650, #204 ) ;
#320 = CARTESIAN_POINT ( 'NONE',  ( -0.1573259103081736388, -0.05078125000000000000, -0.1167951010737865308 ) ) ;
#321 = PLANE ( 'NONE',  #807 ) ;
#322 = ORIENTED_EDGE ( 'NONE', *, *, #1647, .T. ) ;
#323 = EDGE_CURVE ( 'NONE', #1137, #1565, #1707, .T. ) ;
#324 = FACE_OUTER_BOUND ( 'NONE', #1557, .T. ) ;
#325 = EDGE_LOOP ( 'NONE', ( #961, #318, #903, #89 ) ) ;
#326 = PERSON_AND_ORGANIZATION_ROLE ( 'classification_officer' ) ;
#327 = DIRECTION ( 'NONE',  ( 0.000000000000000000, 0.000000000000000000, -1.000000000000000000 ) ) ;
#328 = CARTESIAN_POINT ( 'NONE',  ( 0.000000000000000000, 0.000000000000000000, 0.000000000000000000 ) ) ;
#329 = EDGE_LOOP ( 'NONE', ( #1646, #1409, #1637 ) ) ;
#330 = EDGE_CURVE ( 'NONE', #23, #1708, #952, .T. ) ;
#331 = B_SPLINE_CURVE_WITH_KNOTS ( 'NONE', 3,
 ( #476, #348, #1496, #53 ),
 .UNSPECIFIED., .F., .F.,
 ( 4, 4 ),
 ( 0.002111126300441265244, 0.005779446179095409225 ),
 .UNSPECIFIED. ) ;
#332 = FACE_OUTER_BOUND ( 'NONE', #831, .T. ) ;
#333 = VERTEX_POINT ( 'NONE', #634 ) ;
#334 = ADVANCED_FACE ( 'NONE', ( #1017 ), #385, .T. ) ;
#335 = DIRECTION ( 'NONE',  ( -1.000000000000000000, 0.000000000000000000, 0.000000000000000000 ) ) ;
#336 = LINE ( 'NONE', #585, #1406 ) ;
#337 = EDGE_LOOP ( 'NONE', ( #195, #1091, #170, #47, #859, #547, #810, #1390, #1096, #1449 ) ) ;
#338 = AXIS2_PLACEMENT_3D ( 'NONE', #796, #1552, #130 ) ;
#339 = CIRCLE ( 'NONE', #176, 0.3425150576054775686 ) ;
#340 = CARTESIAN_POINT ( 'NONE',  ( -0.1939307384407123191, -0.05078125000000000000, -0.02774141333683356053 ) ) ;
#341 = ORIENTED_EDGE ( 'NONE', *, *, #869, .F. ) ;
#342 = AXIS2_PLACEMENT_3D ( 'NONE', #558, #1499, #160 ) ;
#343 = EDGE_CURVE ( 'NONE', #755, #1249, #947, .T. ) ;
#344 = VECTOR ( 'NONE', #1342, 39.37007874015748143 ) ;
#345 = AXIS2_PLACEMENT_3D ( 'NONE', #1571, #494, #370 ) ;
#346 = AXIS2_PLACEMENT_3D ( 'NONE', #1398, #1531, #85 ) ;
#347 = DIRECTION ( 'NONE',  ( -0.000000000000000000, -0.000000000000000000, -1.000000000000000000 ) ) ;
#348 = CARTESIAN_POINT ( 'NONE',  ( 0.1756883455236567804, -0.05078125000000000000, -0.07229193614717076277 ) ) ;
#349 = ORIENTED_EDGE ( 'NONE', *, *, #1393, .T. ) ;
#350 = DIRECTION ( 'NONE',  ( -0.2588190451025146332, -0.000000000000000000, -0.9659258262890700886 ) ) ;
#351 = VERTEX_POINT ( 'NONE', #1044 ) ;
#352 = DIRECTION ( 'NONE',  ( 0.000000000000000000, 1.000000000000000000, 0.000000000000000000 ) ) ;
#353 = DIRECTION ( 'NONE',  ( 0.000000000000000000, -0.000000000000000000, 1.000000000000000000 ) ) ;
#354 = DIRECTION ( 'NONE',  ( 0.000000000000000000, 0.000000000000000000, -1.000000000000000000 ) ) ;
#355 = ORIENTED_EDGE ( 'NONE', *, *, #164, .F. ) ;
#356 = EDGE_CURVE ( 'NONE', #1193, #1330, #59, .T. ) ;
#357 = DIRECTION ( 'NONE',  ( 0.000000000000000000, 1.000000000000000000, 0.000000000000000000 ) ) ;
#358 = CARTESIAN_POINT ( 'NONE',  ( 0.1939307384407123191, 0.05078125000000000000, -0.02774141333683356053 ) ) ;
#359 = DIRECTION ( 'NONE',  ( 0.000000000000000000, 1.000000000000000000, 0.000000000000000000 ) ) ;
#360 = ORIENTED_EDGE ( 'NONE', *, *, #143, .F. ) ;
#361 = EDGE_CURVE ( 'NONE', #1205, #665, #1022, .T. ) ;
#362 = CARTESIAN_POINT ( 'NONE',  ( 0.4250640359052077488, -0.03385416666666667129, -0.4414427943153174105 ) ) ;
#363 = CIRCLE ( 'NONE', #286, 0.4494104076549423898 ) ;
#364 = DIRECTION ( 'NONE',  ( 0.000000000000000000, 1.000000000000000000, 0.000000000000000000 ) ) ;
#365 = AXIS2_PLACEMENT_3D ( 'NONE', #76, #1652, #1644 ) ;
#366 = PLANE ( 'NONE',  #63 ) ;
#367 = FACE_OUTER_BOUND ( 'NONE', #1287, .T. ) ;
#368 = CIRCLE ( 'NONE', #205, 0.1334684823927417552 ) ;
#369 = VECTOR ( 'NONE', #845, 39.37007874015748143 ) ;
#370 = DIRECTION ( 'NONE',  ( 0.000000000000000000, 0.000000000000000000, -1.000000000000000000 ) ) ;
#371 =( BOUNDED_CURVE ( )  B_SPLINE_CURVE ( 3, ( #1175, #909, #529, #1587 ),
 .UNSPECIFIED., .F., .F. ) 
 B_SPLINE_CURVE_WITH_KNOTS ( ( 4, 4 ),
 ( 0.000000000000000000, 0.3713090794106271297 ),
 .UNSPECIFIED. ) 
 CURVE ( )  GEOMETRIC_REPRESENTATION_ITEM ( )  RATIONAL_B_SPLINE_CURVE ( ( 1.000000000000000000, 0.9885437598487458732, 0.9885437598487458732, 1.000000000000000000 ) ) 
 REPRESENTATION_ITEM ( '' )  );
#372 = ORIENTED_EDGE ( 'NONE', *, *, #330, .T. ) ;
#373 = DIRECTION ( 'NONE',  ( -0.000000000000000000, -0.000000000000000000, 1.000000000000000000 ) ) ;
#374 = CARTESIAN_POINT ( 'NONE',  ( -0.2019147354545330342, -0.01234432438144400512, -0.01383338705486514622 ) ) ;
#375 = ORIENTED_EDGE ( 'NONE', *, *, #1231, .F. ) ;
#376 = DIRECTION ( 'NONE',  ( -0.000000000000000000, -1.000000000000000000, -0.000000000000000000 ) ) ;
#377 = DIRECTION ( 'NONE',  ( -0.000000000000000000, -0.000000000000000000, 1.000000000000000000 ) ) ;
#378 = ORIENTED_EDGE ( 'NONE', *, *, #1243, .T. ) ;
#379 = EDGE_CURVE ( 'NONE', #907, #1024, #750, .T. ) ;
#380 = CARTESIAN_POINT ( 'NONE',  ( 0.1916229035795614100, -0.05078125000000000000, -0.3589819628326517686 ) ) ;
#381 = DIRECTION ( 'NONE',  ( -1.000000000000000000, 0.000000000000000000, -2.017364672244381116E-15 ) ) ;
#382 = ORIENTED_EDGE ( 'NONE', *, *, #1578, .F. ) ;
#383 = CARTESIAN_POINT ( 'NONE',  ( 0.1273348442122196333, 0.03999591531233370051, -0.1799999999999999933 ) ) ;
#384 = DIRECTION ( 'NONE',  ( -0.000000000000000000, -1.000000000000000000, -0.000000000000000000 ) ) ;
#385 = CYLINDRICAL_SURFACE ( 'NONE', #345, 0.02821180555555556982 ) ;
#386 = ORIENTED_EDGE ( 'NONE', *, *, #186, .F. ) ;
#387 = CARTESIAN_POINT ( 'NONE',  ( -0.1261406250000000062, 0.05078125000000000000, -0.1799999999999999933 ) ) ;
#388 = CARTESIAN_POINT ( 'NONE',  ( -0.2335320463603496599, 0.05078125000000000000, -0.5000000000000000000 ) ) ;
#389 = AXIS2_PLACEMENT_3D ( 'NONE', #1048, #249, #1328 ) ;
#390 = ORIENTED_EDGE ( 'NONE', *, *, #31, .T. ) ;
#391 = EDGE_CURVE ( 'NONE', #468, #513, #74, .T. ) ;
#392 = CARTESIAN_POINT ( 'NONE',  ( -0.1386140128027603668, -0.05078125000000000000, -0.1611500892007556862 ) ) ;
#393 = CARTESIAN_POINT ( 'NONE',  ( 0.1339733259106274665, 0.04890183984533513772, -0.1737822823379939485 ) ) ;
#394 = CIRCLE ( 'NONE', #115, 0.3255879742721442538 ) ;
#395 = VECTOR ( 'NONE', #1541, 39.37007874015748143 ) ;
#396 = DIRECTION ( 'NONE',  ( 0.2588190451025146332, 0.000000000000000000, -0.9659258262890700886 ) ) ;
#397 = VECTOR ( 'NONE', #1404, 39.37007874015748143 ) ;
#398 = ORIENTED_EDGE ( 'NONE', *, *, #614, .T. ) ;
#399 = AXIS2_PLACEMENT_3D ( 'NONE', #142, #1334, #1043 ) ;
#400 = DIRECTION ( 'NONE',  ( 0.2588190451025143002, 0.000000000000000000, 0.9659258262890699775 ) ) ;
#401 = CARTESIAN_POINT ( 'NONE',  ( -0.1985717735954083130, -0.03675038376904609522, -0.01350000000000000852 ) ) ;
#402 = VERTEX_POINT ( 'NONE', #1027 ) ;
#403 = DIRECTION ( 'NONE',  ( 0.000000000000000000, 0.000000000000000000, -1.000000000000000000 ) ) ;
#404 = CARTESIAN_POINT ( 'NONE',  ( 0.2226318417234069702, 0.03385416666666667129, -0.4747088954742471056 ) ) ;
#405 = CARTESIAN_POINT ( 'NONE',  ( 0.1985717735954083130, 0.04228336674376443477, -0.01350000000000000852 ) ) ;
#406 = ORIENTED_EDGE ( 'NONE', *, *, #434, .T. ) ;
#407 = DIRECTION ( 'NONE',  ( 0.000000000000000000, -1.000000000000000000, -0.000000000000000000 ) ) ;
#408 = DIRECTION ( 'NONE',  ( -0.000000000000000000, -1.000000000000000000, -0.000000000000000000 ) ) ;
#409 = VERTEX_POINT ( 'NONE', #1217 ) ;
#410 = DIRECTION ( 'NONE',  ( -1.000000000000000000, 0.000000000000000000, 0.000000000000000000 ) ) ;
#411 =( CONVERSION_BASED_UNIT ( 'INCH', #1476 ) LENGTH_UNIT ( ) NAMED_UNIT ( #880 ) );
#412 = PERSON ( 'UNSPECIFIED', 'UNSPECIFIED', 'UNSPECIFIED', ('UNSPECIFIED'), ('UNSPECIFIED'), ('UNSPECIFIED') ) ;
#413 = CARTESIAN_POINT ( 'NONE',  ( -0.1320288101535634084, -0.04721567289744969115, -0.1776069826779658190 ) ) ;
#414 = FACE_OUTER_BOUND ( 'NONE', #962, .T. ) ;
#415 = ORIENTED_EDGE ( 'NONE', *, *, #735, .T. ) ;
#416 = B_SPLINE_CURVE_WITH_KNOTS ( 'NONE', 3,
 ( #1616, #959, #925, #683, #9, #1593 ),
 .UNSPECIFIED., .F., .F.,
 ( 4, 2, 4 ),
 ( 3.844814577310672053E-07, 0.0002067436330557103740, 0.0004131027846536898312 ),
 .UNSPECIFIED. ) ;
#417 = EDGE_CURVE ( 'NONE', #1694, #468, #1320, .T. ) ;
#418 = CARTESIAN_POINT ( 'NONE',  ( -0.1937789937417159492, 0.000000000000000000, 0.000000000000000000 ) ) ;
#419 = ORIENTED_EDGE ( 'NONE', *, *, #101, .T. ) ;
#420 = CIRCLE ( 'NONE', #636, 0.4494104076549423898 ) ;
#421 = EDGE_CURVE ( 'NONE', #1098, #1051, #1608, .T. ) ;
#422 = AXIS2_PLACEMENT_3D ( 'NONE', #776, #1289, #1711 ) ;
#423 = DIRECTION ( 'NONE',  ( 0.000000000000000000, 0.000000000000000000, -1.000000000000000000 ) ) ;
#424 = CARTESIAN_POINT ( 'NONE',  ( 0.1981403315260386322, 0.04265153026090794802, -0.01350000000000000852 ) ) ;
#425 = ORIENTED_EDGE ( 'NONE', *, *, #1149, .T. ) ;
#426 = CIRCLE ( 'NONE', #1518, 0.01692708333333331483 ) ;
#427 = CONICAL_SURFACE ( 'NONE', #118, 0.2007628060848000440, 0.3771581886829982189 ) ;
#428 = EDGE_CURVE ( 'NONE', #1712, #23, #928, .T. ) ;
#429 = ORIENTED_EDGE ( 'NONE', *, *, #356, .F. ) ;
#430 = DIRECTION ( 'NONE',  ( -0.000000000000000000, 0.000000000000000000, 1.000000000000000000 ) ) ;
#431 = DIRECTION ( 'NONE',  ( -0.000000000000000000, 1.000000000000000000, -0.000000000000000000 ) ) ;
#432 = CARTESIAN_POINT ( 'NONE',  ( 0.1959871424447188759, -0.04744585057528933475, -0.01692920080304360572 ) ) ;
#433 = ORIENTED_EDGE ( 'NONE', *, *, #129, .F. ) ;
#434 = EDGE_CURVE ( 'NONE', #1151, #21, #567, .T. ) ;
#435 = ORIENTED_EDGE ( 'NONE', *, *, #1002, .T. ) ;
#436 = ORIENTED_EDGE ( 'NONE', *, *, #1078, .T. ) ;
#437 = APPROVAL_DATE_TIME ( #319, #67 ) ;
#438 = EDGE_CURVE ( 'NONE', #612, #1214, #368, .T. ) ;
#439 = CARTESIAN_POINT ( 'NONE',  ( 0.1294322728340066286, -0.04408466382418799873, -0.1796594868046660354 ) ) ;
#440 = CARTESIAN_POINT ( 'NONE',  ( -0.4155985310287497736, -0.05078125000000000000, -0.4274096062382138350 ) ) ;
#441 = ORIENTED_EDGE ( 'NONE', *, *, #1533, .T. ) ;
#442 = PRODUCT ( '90866A011_NO THREADS_Zinc-Plated Steel Wing Nut', '90866A011_NO THREADS_Zinc-Plated Steel Wing Nut', '', ( #1570 ) ) ;
#443 = ORIENTED_EDGE ( 'NONE', *, *, #703, .F. ) ;
#444 = DATE_TIME_ROLE ( 'classification_date' ) ;
#445 = EDGE_CURVE ( 'NONE', #907, #1481, #178, .T. ) ;
#446 = FACE_OUTER_BOUND ( 'NONE', #477, .T. ) ;
#447 = CARTESIAN_POINT ( 'NONE',  ( 0.09499999999999998723, 1.163414459189985436E-17, -0.1799999999999999933 ) ) ;
#448 = AXIS2_PLACEMENT_3D ( 'NONE', #1542, #364, #883 ) ;
#449 = ORIENTED_EDGE ( 'NONE', *, *, #745, .T. ) ;
#450 = VECTOR ( 'NONE', #198, 39.37007874015748143 ) ;
#451 = TOROIDAL_SURFACE ( 'NONE', #749, 0.3255879742721442538, 0.01692708333333333218 ) ;
#452 = ADVANCED_FACE ( 'NONE', ( #1323 ), #553, .T. ) ;
#453 = ORIENTED_EDGE ( 'NONE', *, *, #51, .F. ) ;
#454 = FACE_OUTER_BOUND ( 'NONE', #54, .T. ) ;
#455 = AXIS2_PLACEMENT_3D ( 'NONE', #968, #1495, #211 ) ;
#456 = ORIENTED_EDGE ( 'NONE', *, *, #77, .T. ) ;
#457 = AXIS2_PLACEMENT_3D ( 'NONE', #821, #1451, #297 ) ;
#458 = PERSON_AND_ORGANIZATION ( #412, #643 ) ;
#459 = DIRECTION ( 'NONE',  ( 0.000000000000000000, 1.000000000000000000, 0.000000000000000000 ) ) ;
#460 = CARTESIAN_POINT ( 'NONE',  ( -0.1261406250000000062, 0.05078125000000000000, -0.1799999999999999933 ) ) ;
#461 = EDGE_LOOP ( 'NONE', ( #647, #1466, #1317, #733 ) ) ;
#462 = EDGE_CURVE ( 'NONE', #1249, #281, #783, .T. ) ;
#463 = VERTEX_POINT ( 'NONE', #1477 ) ;
#464 = DIRECTION ( 'NONE',  ( 0.000000000000000000, 0.000000000000000000, -1.000000000000000000 ) ) ;
#465 = ORIENTED_EDGE ( 'NONE', *, *, #614, .F. ) ;
#466 = DIRECTION ( 'NONE',  ( 0.000000000000000000, 1.000000000000000000, 0.000000000000000000 ) ) ;
#467 = DIRECTION ( 'NONE',  ( 1.000000000000000000, 0.000000000000000000, 2.017364672244381116E-15 ) ) ;
#468 = VERTEX_POINT ( 'NONE', #1348 ) ;
#469 = EDGE_CURVE ( 'NONE', #982, #1060, #1717, .T. ) ;
#470 = LINE ( 'NONE', #1648, #967 ) ;
#471 = EDGE_CURVE ( 'NONE', #36, #333, #944, .T. ) ;
#472 = CARTESIAN_POINT ( 'NONE',  ( 0.2335320463603496322, -0.03385416666666667129, -0.4717881944444444198 ) ) ;
#473 = DESIGN_CONTEXT ( 'detailed design', #1415, 'design' ) ;
#474 = EDGE_CURVE ( 'NONE', #1690, #309, #1058, .T. ) ;
#475 = CARTESIAN_POINT ( 'NONE',  ( 0.000000000000000000, 0.000000000000000000, 0.000000000000000000 ) ) ;
#476 = CARTESIAN_POINT ( 'NONE',  ( 0.1939307384407123191, -0.05078125000000000000, -0.02774141333683356053 ) ) ;
#477 = EDGE_LOOP ( 'NONE', ( #1479, #275, #1158, #443 ) ) ;
#478 = AXIS2_PLACEMENT_3D ( 'NONE', #539, #283, #1063 ) ;
#479 = CIRCLE ( 'NONE', #1573, 0.01128472222222225499 ) ;
#480 = CYLINDRICAL_SURFACE ( 'NONE', #1246, 0.02821180555555556982 ) ;
#481 = EDGE_CURVE ( 'NONE', #309, #409, #60, .T. ) ;
#482 = CARTESIAN_POINT ( 'NONE',  ( 0.000000000000000000, 0.000000000000000000, -0.1701574803149606130 ) ) ;
#483 = VECTOR ( 'NONE', #870, 39.37007874015748143 ) ;
#484 = VECTOR ( 'NONE', #1610, 39.37007874015748143 ) ;
#485 = TOROIDAL_SURFACE ( 'NONE', #399, 0.4494104076549423898, 0.01692708333333333218 ) ;
#486 = CIRCLE ( 'NONE', #1664, 0.01692708333333334605 ) ;
#487 = DIRECTION ( 'NONE',  ( 0.000000000000000000, 0.000000000000000000, 1.000000000000000000 ) ) ;
#488 = CARTESIAN_POINT ( 'NONE',  ( -0.1261406250000000062, 0.05078125000000000000, -0.01350000000000000852 ) ) ;
#489 = LINE ( 'NONE', #1005, #148 ) ;
#490 = CARTESIAN_POINT ( 'NONE',  ( -0.2022425481046799534, 2.476756891878009411E-17, -0.01008647131817879544 ) ) ;
#491 = PLANE ( 'NONE',  #346 ) ;
#492 = CARTESIAN_POINT ( 'NONE',  ( 0.000000000000000000, 0.000000000000000000, -0.1701574803149606130 ) ) ;
#493 = EDGE_CURVE ( 'NONE', #49, #351, #1251, .T. ) ;
#494 = DIRECTION ( 'NONE',  ( 0.000000000000000000, -1.000000000000000000, -0.000000000000000000 ) ) ;
#495 = ORIENTED_EDGE ( 'NONE', *, *, #417, .F. ) ;
#496 = CARTESIAN_POINT ( 'NONE',  ( 0.000000000000000000, 0.000000000000000000, -0.01350000000000000852 ) ) ;
#497 = ORIENTED_EDGE ( 'NONE', *, *, #646, .F. ) ;
#498 = CARTESIAN_POINT ( 'NONE',  ( -0.1261406250000000062, 0.03385416666666667129, -0.1799999999999999933 ) ) ;
#499 = CARTESIAN_POINT ( 'NONE',  ( 0.2019147354545330342, 1.555518761477751315E-18, -0.01383338705486507163 ) ) ;
#500 = CARTESIAN_POINT ( 'NONE',  ( -0.2017138017992769206, -0.03960217212546856408, -0.01350000000000000852 ) ) ;
#501 = ORIENTED_EDGE ( 'NONE', *, *, #1647, .F. ) ;
#502 = DIRECTION ( 'NONE',  ( 0.000000000000000000, 0.000000000000000000, 1.000000000000000000 ) ) ;
#503 = CARTESIAN_POINT ( 'NONE',  ( 0.02883749098827556590, 0.05078125000000000000, -0.4180541475201488000 ) ) ;
#504 = ORIENTED_EDGE ( 'NONE', *, *, #521, .T. ) ;
#505 = LINE ( 'NONE', #623, #1163 ) ;
#506 = CARTESIAN_POINT ( 'NONE',  ( 0.1985717735954083130, -0.04228336674376443477, -0.01350000000000000852 ) ) ;
#507 = EDGE_CURVE ( 'NONE', #1204, #117, #416, .T. ) ;
#508 = AXIS2_PLACEMENT_3D ( 'NONE', #19, #298, #1452 ) ;
#509 = DIRECTION ( 'NONE',  ( -0.000000000000000000, -1.000000000000000000, -0.000000000000000000 ) ) ;
#510 = ORIENTED_EDGE ( 'NONE', *, *, #1691, .T. ) ;
#511 = CARTESIAN_POINT ( 'NONE',  ( -0.4205729166666667962, 0.03385416666666667129, -0.4180541475201448032 ) ) ;
#512 = CARTESIAN_POINT ( 'NONE',  ( 0.2335320463603496322, 0.03385416666666667129, -0.4830729166666666852 ) ) ;
#513 = VERTEX_POINT ( 'NONE', #544 ) ;
#514 = CARTESIAN_POINT ( 'NONE',  ( 0.1320288101535653791, 0.04721567289745139812, -0.1776069826779634042 ) ) ;
#515 = CARTESIAN_POINT ( 'NONE',  ( 0.1985717735954083130, 0.03675038376904609522, -0.01350000000000000852 ) ) ;
#516 = CARTESIAN_POINT ( 'NONE',  ( 0.000000000000000000, 0.000000000000000000, 0.000000000000000000 ) ) ;
#517 = ORIENTED_EDGE ( 'NONE', *, *, #1236, .T. ) ;
#518 = B_SPLINE_CURVE_WITH_KNOTS ( 'NONE', 3,
 ( #734, #1505, #757, #620 ),
 .UNSPECIFIED., .F., .F.,
 ( 4, 4 ),
 ( 0.000000000000000000, 0.0003114381297425478502 ),
 .UNSPECIFIED. ) ;
#519 = DIRECTION ( 'NONE',  ( 0.2588190451025146332, -0.000000000000000000, 0.9659258262890700886 ) ) ;
#520 = DIRECTION ( 'NONE',  ( -0.08715574274765836016, 1.067350013832299517E-17, 0.9961946980917454342 ) ) ;
#521 = EDGE_CURVE ( 'NONE', #1679, #1170, #833, .T. ) ;
#522 = ORIENTED_EDGE ( 'NONE', *, *, #1107, .F. ) ;
#523 = ORIENTED_EDGE ( 'NONE', *, *, #462, .F. ) ;
#524 = CARTESIAN_POINT ( 'NONE',  ( 0.2335320463603496322, 0.05078125000000000000, -0.4717881944444444198 ) ) ;
#525 = DIRECTION ( 'NONE',  ( 0.000000000000000000, 0.000000000000000000, 1.000000000000000000 ) ) ;
#526 = EDGE_CURVE ( 'NONE', #846, #582, #169, .T. ) ;
#527 = CARTESIAN_POINT ( 'NONE',  ( 0.1985717735954083130, 0.05078125000000000000, -0.01350000000000000852 ) ) ;
#528 = ORIENTED_EDGE ( 'NONE', *, *, #1142, .F. ) ;
#529 = CARTESIAN_POINT ( 'NONE',  ( 0.1265433113421466083, -0.03803232758029034821, -0.1799999999999999933 ) ) ;
#530 = DIRECTION ( 'NONE',  ( 0.000000000000000000, -1.000000000000000000, -0.000000000000000000 ) ) ;
#531 = VERTEX_POINT ( 'NONE', #279 ) ;
#532 = VECTOR ( 'NONE', #930, 39.37007874015748143 ) ;
#533 = AXIS2_PLACEMENT_3D ( 'NONE', #1274, #847, #1654 ) ;
#534 = CARTESIAN_POINT ( 'NONE',  ( -0.1976961021104823302, 0.04299794218979310911, -0.01350000000000000852 ) ) ;
#535 = CARTESIAN_POINT ( 'NONE',  ( -0.2226318417234069702, 0.05078125000000000000, -0.4747088954742471056 ) ) ;
#536 = ORIENTED_EDGE ( 'NONE', *, *, #182, .F. ) ;
#537 = CC_DESIGN_SECURITY_CLASSIFICATION ( #616, ( #782 ) ) ;
#538 = CARTESIAN_POINT ( 'NONE',  ( -0.1972413650290336384, -0.04332648032398539462, -0.01350000000000000852 ) ) ;
#539 = CARTESIAN_POINT ( 'NONE',  ( 0.2335320463603499375, 0.03385416666666667129, -0.1574849423945224314 ) ) ;
#540 = B_SPLINE_CURVE_WITH_KNOTS ( 'NONE', 3,
 ( #769, #642, #1165, #1544 ),
 .UNSPECIFIED., .F., .F.,
 ( 4, 4 ),
 ( 0.0007984304454837752325, 0.0008402940594143386852 ),
 .UNSPECIFIED. ) ;
#541 = ORIENTED_EDGE ( 'NONE', *, *, #1367, .T. ) ;
#542 = DIRECTION ( 'NONE',  ( 0.9659258262890697555, 0.000000000000000000, 0.2588190451025147998 ) ) ;
#543 = DIRECTION ( 'NONE',  ( 0.000000000000000000, 1.000000000000000000, 0.000000000000000000 ) ) ;
#544 = CARTESIAN_POINT ( 'NONE',  ( -0.1261406250000000062, -0.03385416666666667129, -0.1799999999999999933 ) ) ;
#545 = DIRECTION ( 'NONE',  ( 0.000000000000000000, 0.000000000000000000, 1.000000000000000000 ) ) ;
#546 = ADVANCED_FACE ( 'NONE', ( #1100 ), #1119, .T. ) ;
#547 = ORIENTED_EDGE ( 'NONE', *, *, #1260, .T. ) ;
#548 = DIRECTION ( 'NONE',  ( 3.565965235364789705E-15, 0.000000000000000000, 1.000000000000000000 ) ) ;
#549 = CARTESIAN_POINT ( 'NONE',  ( -0.1273348442121159108, 0.03999591531237542408, -0.1799999999999999933 ) ) ;
#550 = ORIENTED_EDGE ( 'NONE', *, *, #428, .T. ) ;
#551 = DIRECTION ( 'NONE',  ( -8.928146016091178498E-16, 0.000000000000000000, 1.000000000000000000 ) ) ;
#552 = CARTESIAN_POINT ( 'NONE',  ( -0.1424909319554139575, -0.03385416666666667129, -0.1756189484552959645 ) ) ;
#553 = CYLINDRICAL_SURFACE ( 'NONE', #1663, 0.01692708333333333912 ) ;
#554 = CARTESIAN_POINT ( 'NONE',  ( 0.000000000000000000, 0.000000000000000000, 0.000000000000000000 ) ) ;
#555 = VERTEX_POINT ( 'NONE', #1509 ) ;
#556 = ORIENTED_EDGE ( 'NONE', *, *, #1613, .T. ) ;
#557 = ORIENTED_EDGE ( 'NONE', *, *, #379, .T. ) ;
#558 = CARTESIAN_POINT ( 'NONE',  ( 0.000000000000000000, 0.000000000000000000, 0.000000000000000000 ) ) ;
#559 = AXIS2_PLACEMENT_3D ( 'NONE', #78, #1379, #856 ) ;
#560 = CC_DESIGN_PERSON_AND_ORGANIZATION_ASSIGNMENT ( #458, #983, ( #782 ) ) ;
#561 = DIRECTION ( 'NONE',  ( -0.000000000000000000, 1.000000000000000000, -0.000000000000000000 ) ) ;
#562 = CARTESIAN_POINT ( 'NONE',  ( 0.1945167240858726720, -0.05064435682078879952, -0.02427257470840467335 ) ) ;
#563 = EDGE_LOOP ( 'NONE', ( #1200, #878, #1040, #425 ) ) ;
#564 = TOROIDAL_SURFACE ( 'NONE', #33, 0.3255879742721442538, 0.01692708333333333218 ) ;
#565 = B_SPLINE_CURVE_WITH_KNOTS ( 'NONE', 3,
 ( #1122, #1649, #1006, #864 ),
 .UNSPECIFIED., .F., .F.,
 ( 4, 4 ),
 ( 2.143986894186784297E-07, 0.0003451640122801184003 ),
 .UNSPECIFIED. ) ;
#566 = APPROVAL_PERSON_ORGANIZATION ( #715, #67, #1483 ) ;
#567 = CIRCLE ( 'NONE', #292, 0.4663374909882757047 ) ;
#568 = VERTEX_POINT ( 'NONE', #206 ) ;
#569 = ORIENTED_EDGE ( 'NONE', *, *, #1613, .F. ) ;
#570 = DATE_AND_TIME ( #843, #1335 ) ;
#571 = CARTESIAN_POINT ( 'NONE',  ( 0.1281882144081878117, -0.04211290541032558510, -0.1800000000000127054 ) ) ;
#572 = DIRECTION ( 'NONE',  ( 0.000000000000000000, 1.000000000000000000, 0.000000000000000000 ) ) ;
#573 = ORIENTED_EDGE ( 'NONE', *, *, #1236, .F. ) ;
#574 = EDGE_CURVE ( 'NONE', #1167, #1679, #1046, .T. ) ;
#575 = ORIENTED_EDGE ( 'NONE', *, *, #892, .F. ) ;
#576 = CARTESIAN_POINT ( 'NONE',  ( -0.2008187569151479446, 0.02460935509723654810, -0.01349999999999999117 ) ) ;
#577 = DIRECTION ( 'NONE',  ( 0.000000000000000000, 0.000000000000000000, -1.000000000000000000 ) ) ;
#578 = ORIENTED_EDGE ( 'NONE', *, *, #574, .F. ) ;
#579 = EDGE_LOOP ( 'NONE', ( #1090, #1179, #56, #694 ) ) ;
#580 = ORIENTED_EDGE ( 'NONE', *, *, #438, .F. ) ;
#581 = EDGE_CURVE ( 'NONE', #22, #627, #1194, .T. ) ;
#582 = VERTEX_POINT ( 'NONE', #829 ) ;
#583 = COORDINATED_UNIVERSAL_TIME_OFFSET ( 6, 0, .BEHIND. ) ;
#584 = CARTESIAN_POINT ( 'NONE',  ( -0.1939307384407123191, -0.05078125000000000000, -0.02774141333683356053 ) ) ;
#585 = CARTESIAN_POINT ( 'NONE',  ( 0.09499999999999998723, 1.163414459189985436E-17, 0.000000000000000000 ) ) ;
#586 = ORIENTED_EDGE ( 'NONE', *, *, #1484, .T. ) ;
#587 = CIRCLE ( 'NONE', #1190, 0.01692708333333333912 ) ;
#588 = ORIENTED_EDGE ( 'NONE', *, *, #106, .F. ) ;
#589 = DIRECTION ( 'NONE',  ( -1.000000000000000000, 0.000000000000000000, 0.000000000000000000 ) ) ;
#590 = ORIENTED_EDGE ( 'NONE', *, *, #114, .F. ) ;
#591 = CIRCLE ( 'NONE', #1228, 0.02821180555555556982 ) ;
#592 = COORDINATED_UNIVERSAL_TIME_OFFSET ( 6, 0, .BEHIND. ) ;
#593 = DIRECTION ( 'NONE',  ( 0.000000000000000000, 0.000000000000000000, 1.000000000000000000 ) ) ;
#594 = CARTESIAN_POINT ( 'NONE',  ( -0.1942392198253346247, 0.05076248406735387603, -0.02699999999999999969 ) ) ;
#595 = ORIENTED_EDGE ( 'NONE', *, *, #751, .F. ) ;
#596 = EDGE_CURVE ( 'NONE', #1690, #1093, #1527, .T. ) ;
#597 = EDGE_CURVE ( 'NONE', #1024, #1079, #1441, .T. ) ;
#598 = DIRECTION ( 'NONE',  ( 0.000000000000000000, 0.000000000000000000, 1.000000000000000000 ) ) ;
#599 = EDGE_LOOP ( 'NONE', ( #586, #920, #308, #979 ) ) ;
#600 = EDGE_CURVE ( 'NONE', #281, #1370, #704, .T. ) ;
#601 = PERSON_AND_ORGANIZATION ( #412, #643 ) ;
#602 = DIRECTION ( 'NONE',  ( -0.000000000000000000, -1.000000000000000000, -0.000000000000000000 ) ) ;
#603 = ORIENTED_EDGE ( 'NONE', *, *, #735, .F. ) ;
#604 = ADVANCED_FACE ( 'NONE', ( #1261 ), #1643, .F. ) ;
#605 = FACE_OUTER_BOUND ( 'NONE', #1028, .T. ) ;
#606 = DIRECTION ( 'NONE',  ( 0.000000000000000000, 0.000000000000000000, -1.000000000000000000 ) ) ;
#607 = DIRECTION ( 'NONE',  ( 0.000000000000000000, 0.000000000000000000, -1.000000000000000000 ) ) ;
#608 = FACE_OUTER_BOUND ( 'NONE', #215, .T. ) ;
#609 = APPROVAL ( #958, 'UNSPECIFIED' ) ;
#610 = CIRCLE ( 'NONE', #727, 0.09499999999999998723 ) ;
#611 = CARTESIAN_POINT ( 'NONE',  ( -0.02883749098827556590, -0.03385416666666667129, -0.4180541475201488000 ) ) ;
#612 = VERTEX_POINT ( 'NONE', #1247 ) ;
#613 = TOROIDAL_SURFACE ( 'NONE', #559, 0.4494104076549423898, 0.01692708333333333218 ) ;
#614 = EDGE_CURVE ( 'NONE', #1625, #676, #615, .T. ) ;
#615 = CIRCLE ( 'NONE', #1053, 0.4663374909882757047 ) ;
#616 = SECURITY_CLASSIFICATION ( '', '', #38 ) ;
#617 = CARTESIAN_POINT ( 'NONE',  ( -0.02883749098827556590, 0.05078125000000000000, -0.4180541475201488000 ) ) ;
#618 = CYLINDRICAL_SURFACE ( 'NONE', #1549, 0.4663374909882757047 ) ;
#619 = CARTESIAN_POINT ( 'NONE',  ( 0.02883749098827556590, -0.05078125000000000000, -0.4180541475201488000 ) ) ;
#620 = CARTESIAN_POINT ( 'NONE',  ( -0.2071371639531136566, 0.03385416666666667129, -0.01582707517601572578 ) ) ;
#621 = VERTEX_POINT ( 'NONE', #731 ) ;
#622 = ADVANCED_FACE ( 'NONE', ( #1651 ), #183, .F. ) ;
#623 = CARTESIAN_POINT ( 'NONE',  ( 0.1261406250000000062, 0.05078125000000000000, -0.1799999999999999933 ) ) ;
#624 = DIRECTION ( 'NONE',  ( 0.000000000000000000, 0.000000000000000000, 1.000000000000000000 ) ) ;
#625 = VERTEX_POINT ( 'NONE', #1233 ) ;
#626 = CARTESIAN_POINT ( 'NONE',  ( 0.1339733259106274665, -0.04890183984533513772, -0.1737822823379939485 ) ) ;
#627 = VERTEX_POINT ( 'NONE', #1521 ) ;
#628 = DIRECTION ( 'NONE',  ( -0.000000000000000000, -0.000000000000000000, 1.000000000000000000 ) ) ;
#629 = DIRECTION ( 'NONE',  ( 0.000000000000000000, 0.000000000000000000, -1.000000000000000000 ) ) ;
#630 = ADVANCED_FACE ( 'NONE', ( #446 ), #1273, .T. ) ;
#631 = ORIENTED_EDGE ( 'NONE', *, *, #1364, .T. ) ;
#632 = DIRECTION ( 'NONE',  ( -0.2588190451025143002, -0.000000000000000000, -0.9659258262890699775 ) ) ;
#633 = DIRECTION ( 'NONE',  ( -1.000000000000000000, 0.000000000000000000, 0.000000000000000000 ) ) ;
#634 = CARTESIAN_POINT ( 'NONE',  ( 0.1985717735954083130, -0.03675038376904609522, -0.01350000000000000852 ) ) ;
#635 = ORIENTED_EDGE ( 'NONE', *, *, #767, .T. ) ;
#636 = AXIS2_PLACEMENT_3D ( 'NONE', #273, #150, #1021 ) ;
#637 = CARTESIAN_POINT ( 'NONE',  ( 0.1941348085923024769, -0.05077503351094690698, -0.02724700867339414218 ) ) ;
#638 = CARTESIAN_POINT ( 'NONE',  ( 0.000000000000000000, 0.000000000000000000, 0.000000000000000000 ) ) ;
#639 = AXIS2_PLACEMENT_3D ( 'NONE', #288, #1059, #1602 ) ;
#640 = ORIENTED_EDGE ( 'NONE', *, *, #927, .T. ) ;
#641 = CARTESIAN_POINT ( 'NONE',  ( -0.2071371639531136566, -0.03385416666666667129, -0.01582707517601572578 ) ) ;
#642 = CARTESIAN_POINT ( 'NONE',  ( 0.1976961754449317876, -0.04299788920717047963, -0.01350000000000000852 ) ) ;
#643 = ORGANIZATION ( 'UNSPECIFIED', 'UNSPECIFIED', '' ) ;
#644 = DIRECTION ( 'NONE',  ( 0.000000000000000000, 0.000000000000000000, 1.000000000000000000 ) ) ;
#645 = ADVANCED_FACE ( 'NONE', ( #1123 ), #1394, .T. ) ;
#646 = EDGE_CURVE ( 'NONE', #93, #1045, #192, .T. ) ;
#647 = ORIENTED_EDGE ( 'NONE', *, *, #745, .F. ) ;
#648 = DIRECTION ( 'NONE',  ( -0.000000000000000000, -1.000000000000000000, -0.000000000000000000 ) ) ;
#649 = LINE ( 'NONE', #1457, #110 ) ;
#650 = ORIENTED_EDGE ( 'NONE', *, *, #438, .T. ) ;
#651 = CARTESIAN_POINT ( 'NONE',  ( -0.1386140128027603946, 0.05078125000000000000, -0.1611500892007556029 ) ) ;
#652 = DIRECTION ( 'NONE',  ( 0.000000000000000000, 0.000000000000000000, 1.000000000000000000 ) ) ;
#653 = FACE_OUTER_BOUND ( 'NONE', #193, .T. ) ;
#654 = EDGE_CURVE ( 'NONE', #132, #625, #225, .T. ) ;
#655 = ORIENTED_EDGE ( 'NONE', *, *, #1460, .F. ) ;
#656 = CARTESIAN_POINT ( 'NONE',  ( 0.000000000000000000, 0.000000000000000000, -0.02699999999999999969 ) ) ;
#657 = LINE ( 'NONE', #1189, #744 ) ;
#658 = ORIENTED_EDGE ( 'NONE', *, *, #1701, .F. ) ;
#659 = AXIS2_PLACEMENT_3D ( 'NONE', #223, #752, #768 ) ;
#660 = DIRECTION ( 'NONE',  ( 0.000000000000000000, 0.000000000000000000, 1.000000000000000000 ) ) ;
#661 = APPLICATION_PROTOCOL_DEFINITION ( 'international standard', 'config_control_design', 1994, #1681 ) ;
#662 = B_SPLINE_CURVE_WITH_KNOTS ( 'NONE', 3,
 ( #392, #1042, #789, #153 ),
 .UNSPECIFIED., .F., .F.,
 ( 4, 4 ),
 ( 0.0008260950221042010627, 0.001173092641002399742 ),
 .UNSPECIFIED. ) ;
#663 = CARTESIAN_POINT ( 'NONE',  ( 0.4092881944444444198, -0.05078125000000000000, -0.4180541475201448032 ) ) ;
#664 = DIRECTION ( 'NONE',  ( 0.000000000000000000, 0.000000000000000000, -1.000000000000000000 ) ) ;
#665 = VERTEX_POINT ( 'NONE', #1109 ) ;
#666 = DIRECTION ( 'NONE',  ( 1.000000000000000000, -0.000000000000000000, -2.017364672244381116E-15 ) ) ;
#667 = EDGE_LOOP ( 'NONE', ( #203, #941, #980, #1606, #569, #1443, #501 ) ) ;
#668 = EDGE_CURVE ( 'NONE', #1249, #531, #486, .T. ) ;
#669 = LINE ( 'NONE', #924, #222 ) ;
#670 = FACE_OUTER_BOUND ( 'NONE', #109, .T. ) ;
#671 = AXIS2_PLACEMENT_3D ( 'NONE', #991, #711, #1255 ) ;
#672 = CIRCLE ( 'NONE', #1359, 0.1334684823927417552 ) ;
#673 = CARTESIAN_POINT ( 'NONE',  ( 0.1916229035795614655, 0.03385416666666667129, -0.3589819628326517686 ) ) ;
#674 = CARTESIAN_POINT ( 'NONE',  ( 0.2335320463603496322, -0.03385416666666667129, -0.4717881944444444198 ) ) ;
#675 = AXIS2_PLACEMENT_3D ( 'NONE', #990, #1385, #327 ) ;
#676 = VERTEX_POINT ( 'NONE', #1705 ) ;
#677 = CIRCLE ( 'NONE', #834, 0.02821180555555556982 ) ;
#678 = CARTESIAN_POINT ( 'NONE',  ( -0.1261406250000000062, 0.03385416666666667129, -0.1799999999999999933 ) ) ;
#679 = CIRCLE ( 'NONE', #1000, 0.2007628060848000440 ) ;
#680 = ORIENTED_EDGE ( 'NONE', *, *, #1388, .F. ) ;
#681 = CARTESIAN_POINT ( 'NONE',  ( -0.1939307384407123191, 0.05078125000000000000, -0.02774141333683356053 ) ) ;
#682 =( NAMED_UNIT ( * ) SI_UNIT ( $, .STERADIAN. ) SOLID_ANGLE_UNIT ( ) );
#683 = CARTESIAN_POINT ( 'NONE',  ( -0.1949393585870044798, -0.04995903581372852093, -0.02160527428101239461 ) ) ;
#684 = VERTEX_POINT ( 'NONE', #1284 ) ;
#685 = EDGE_LOOP ( 'NONE', ( #536, #1220, #378, #894 ) ) ;
#686 = ORIENTED_EDGE ( 'NONE', *, *, #101, .F. ) ;
#687 = EDGE_CURVE ( 'NONE', #1370, #531, #228, .T. ) ;
#688 = DIRECTION ( 'NONE',  ( -0.000000000000000000, -1.000000000000000000, -0.000000000000000000 ) ) ;
#689 = DIRECTION ( 'NONE',  ( 0.000000000000000000, 0.000000000000000000, 1.000000000000000000 ) ) ;
#690 = VECTOR ( 'NONE', #1164, 39.37007874015748143 ) ;
#691 = ADVANCED_FACE ( 'NONE', ( #90 ), #1227, .T. ) ;
#692 = CARTESIAN_POINT ( 'NONE',  ( -0.1985717735954083130, 0.05078125000000000000, -0.01350000000000000852 ) ) ;
#693 = CARTESIAN_POINT ( 'NONE',  ( 0.1945166731846953156, 0.05064437848886140653, -0.02427307498425803484 ) ) ;
#694 = ORIENTED_EDGE ( 'NONE', *, *, #1371, .F. ) ;
#695 = ORIENTED_EDGE ( 'NONE', *, *, #1695, .F. ) ;
#696 = ORIENTED_EDGE ( 'NONE', *, *, #481, .F. ) ;
#697 = CARTESIAN_POINT ( 'NONE',  ( 0.000000000000000000, 0.000000000000000000, 0.000000000000000000 ) ) ;
#698 = AXIS2_PLACEMENT_3D ( 'NONE', #656, #628, #1029 ) ;
#699 = CARTESIAN_POINT ( 'NONE',  ( 0.1273348442121159385, -0.03999591531237550041, -0.1799999999999999933 ) ) ;
#700 = CARTESIAN_POINT ( 'NONE',  ( 0.2335320463603499375, 0.05078125000000000000, -0.1574849423945224314 ) ) ;
#701 = ORIENTED_EDGE ( 'NONE', *, *, #1364, .F. ) ;
#702 = AXIS2_PLACEMENT_3D ( 'NONE', #496, #464, #747 ) ;
#703 = EDGE_CURVE ( 'NONE', #684, #49, #995, .T. ) ;
#704 = CIRCLE ( 'NONE', #1494, 0.01692708333333331483 ) ;
#705 = CC_DESIGN_APPROVAL ( #67, ( #857 ) ) ;
#706 = VECTOR ( 'NONE', #632, 39.37007874015748143 ) ;
#707 = ORIENTED_EDGE ( 'NONE', *, *, #507, .F. ) ;
#708 = VERTEX_POINT ( 'NONE', #498 ) ;
#709 = CALENDAR_DATE ( 2026, 1, 7 ) ;
#710 = CARTESIAN_POINT ( 'NONE',  ( 0.1261406250000000062, 0.05078125000000000000, -0.01350000000000000852 ) ) ;
#711 = DIRECTION ( 'NONE',  ( -0.8290375725550414021, 0.000000000000000000, -0.5591929034707474599 ) ) ;
#712 = ORIENTED_EDGE ( 'NONE', *, *, #1484, .F. ) ;
#713 = EDGE_CURVE ( 'NONE', #720, #801, #855, .T. ) ;
#714 = ORIENTED_EDGE ( 'NONE', *, *, #106, .T. ) ;
#715 = PERSON_AND_ORGANIZATION ( #412, #643 ) ;
#716 = CARTESIAN_POINT ( 'NONE',  ( -0.2019147354545330342, 2.317190469008604461E-17, -0.01383338705486507163 ) ) ;
#717 = DIRECTION ( 'NONE',  ( -0.000000000000000000, -0.000000000000000000, -1.000000000000000000 ) ) ;
#718 = EDGE_LOOP ( 'NONE', ( #580, #64, #98, #635 ) ) ;
#719 = DIRECTION ( 'NONE',  ( 0.000000000000000000, 0.000000000000000000, 1.000000000000000000 ) ) ;
#720 = VERTEX_POINT ( 'NONE', #99 ) ;
#721 = B_SPLINE_CURVE_WITH_KNOTS ( 'NONE', 3,
 ( #405, #424, #1086, #926 ),
 .UNSPECIFIED., .F., .F.,
 ( 4, 4 ),
 ( 0.000000000000000000, 4.255884499577956647E-05 ),
 .UNSPECIFIED. ) ;
#722 = EDGE_CURVE ( 'NONE', #865, #159, #761, .T. ) ;
#723 = CARTESIAN_POINT ( 'NONE',  ( -0.1985717735954083130, 0.03675038376904609522, -0.01350000000000000852 ) ) ;
#724 = FACE_OUTER_BOUND ( 'NONE', #1011, .T. ) ;
#725 = AXIS2_PLACEMENT_3D ( 'NONE', #1429, #787, #902 ) ;
#726 = VERTEX_POINT ( 'NONE', #1669 ) ;
#727 = AXIS2_PLACEMENT_3D ( 'NONE', #554, #1718, #135 ) ;
#728 = ADVANCED_FACE ( 'NONE', ( #1266, #1543 ), #491, .T. ) ;
#729 = FACE_OUTER_BOUND ( 'NONE', #862, .T. ) ;
#730 = VECTOR ( 'NONE', #1314, 39.37007874015748143 ) ;
#731 = CARTESIAN_POINT ( 'NONE',  ( 0.1972413650290326115, 0.04332648032398621341, -0.01350000000000000852 ) ) ;
#732 = PLANE ( 'NONE',  #1605 ) ;
#733 = ORIENTED_EDGE ( 'NONE', *, *, #1514, .T. ) ;
#734 = CARTESIAN_POINT ( 'NONE',  ( -0.1985717735954083130, 0.04228336674376443477, -0.01350000000000000852 ) ) ;
#735 = EDGE_CURVE ( 'NONE', #708, #16, #254, .T. ) ;
#736 = ORIENTED_EDGE ( 'NONE', *, *, #1382, .T. ) ;
#737 = CARTESIAN_POINT ( 'NONE',  ( 0.2335320463603499375, -0.03385416666666667129, -0.1574849423945224314 ) ) ;
#738 = CARTESIAN_POINT ( 'NONE',  ( -0.1939307384407123191, 0.05078125000000000000, -0.02774141333683356053 ) ) ;
#739 = ADVANCED_BREP_SHAPE_REPRESENTATION ( '90866A011_NO THREADS_Zinc-Plated Steel Wing Nut', ( #1203, #1250 ), #884 ) ;
#740 = ADVANCED_FACE ( 'NONE', ( #1554 ), #366, .T. ) ;
#741 = CYLINDRICAL_SURFACE ( 'NONE', #257, 0.02821180555555556982 ) ;
#742 = DIRECTION ( 'NONE',  ( -0.000000000000000000, -1.000000000000000000, -0.000000000000000000 ) ) ;
#743 = DIRECTION ( 'NONE',  ( 0.9659258262890699775, 0.000000000000000000, -0.2588190451025145777 ) ) ;
#744 = VECTOR ( 'NONE', #520, 39.37007874015748143 ) ;
#745 = EDGE_CURVE ( 'NONE', #301, #1064, #505, .T. ) ;
#746 = CIRCLE ( 'NONE', #1159, 0.02821180555555556982 ) ;
#747 = DIRECTION ( 'NONE',  ( -1.000000000000000000, 0.000000000000000000, 0.000000000000000000 ) ) ;
#748 = CARTESIAN_POINT ( 'NONE',  ( -0.2062815347679930189, 0.03385416666666667129, -0.4790899470189511344 ) ) ;
#749 = AXIS2_PLACEMENT_3D ( 'NONE', #806, #798, #719 ) ;
#750 = CIRCLE ( 'NONE', #1577, 0.01692708333333334605 ) ;
#751 = EDGE_CURVE ( 'NONE', #1630, #582, #679, .T. ) ;
#752 = DIRECTION ( 'NONE',  ( 0.000000000000000000, 0.000000000000000000, -1.000000000000000000 ) ) ;
#753 = DIRECTION ( 'NONE',  ( 0.000000000000000000, 1.000000000000000000, 0.000000000000000000 ) ) ;
#754 = CARTESIAN_POINT ( 'NONE',  ( -0.4092881944444444198, 0.03385416666666667129, -0.4180541475201448032 ) ) ;
#755 = VERTEX_POINT ( 'NONE', #1025 ) ;
#756 = EDGE_CURVE ( 'NONE', #1060, #1475, #1675, .T. ) ;
#757 = CARTESIAN_POINT ( 'NONE',  ( -0.2046215080167818057, 0.03671736785602769393, -0.01435121469236517143 ) ) ;
#758 = CARTESIAN_POINT ( 'NONE',  ( -0.2335320463603496322, 0.05078125000000000000, -0.4717881944444444198 ) ) ;
#759 = VERTEX_POINT ( 'NONE', #641 ) ;
#760 = EDGE_CURVE ( 'NONE', #1162, #1447, #1144, .T. ) ;
#761 = LINE ( 'NONE', #216, #397 ) ;
#762 = CARTESIAN_POINT ( 'NONE',  ( 0.000000000000000000, 0.000000000000000000, -0.02699999999999999969 ) ) ;
#763 = VERTEX_POINT ( 'NONE', #651 ) ;
#764 = DIRECTION ( 'NONE',  ( -0.000000000000000000, -1.000000000000000000, -0.000000000000000000 ) ) ;
#765 = CARTESIAN_POINT ( 'NONE',  ( -0.2019147354545330342, 2.317190469008604461E-17, -0.01383338705486507163 ) ) ;
#766 = ORIENTED_EDGE ( 'NONE', *, *, #1691, .F. ) ;
#767 = EDGE_CURVE ( 'NONE', #1679, #1214, #1339, .T. ) ;
#768 = DIRECTION ( 'NONE',  ( -1.000000000000000000, 0.000000000000000000, 0.000000000000000000 ) ) ;
#769 = CARTESIAN_POINT ( 'NONE',  ( 0.1972413650294043697, -0.04332648032371751862, -0.01350000000000000852 ) ) ;
#770 = ADVANCED_FACE ( 'NONE', ( #904 ), #220, .T. ) ;
#771 = CARTESIAN_POINT ( 'NONE',  ( -0.2335320463603499375, -0.05078125000000000000, -0.1574849423945224314 ) ) ;
#772 = ORIENTED_EDGE ( 'NONE', *, *, #1400, .T. ) ;
#773 = DIRECTION ( 'NONE',  ( 0.000000000000000000, 0.000000000000000000, -1.000000000000000000 ) ) ;
#774 = ADVANCED_FACE ( 'NONE', ( #1305 ), #451, .T. ) ;
#775 = AXIS2_PLACEMENT_3D ( 'NONE', #516, #1173, #1407 ) ;
#776 = CARTESIAN_POINT ( 'NONE',  ( 0.02883749098827556590, -0.03385416666666667129, -0.4180541475201488000 ) ) ;
#777 = TOROIDAL_SURFACE ( 'NONE', #1049, 0.4494104076549423898, 0.01692708333333333218 ) ;
#778 = ORIENTED_EDGE ( 'NONE', *, *, #987, .F. ) ;
#779 = AXIS2_PLACEMENT_3D ( 'NONE', #1547, #396, #268 ) ;
#780 = DIRECTION ( 'NONE',  ( 0.000000000000000000, 1.000000000000000000, 0.000000000000000000 ) ) ;
#781 = CARTESIAN_POINT ( 'NONE',  ( -0.4205729166666667962, 0.05078125000000000000, -0.4180541475201448032 ) ) ;
#782 = PRODUCT_DEFINITION_FORMATION_WITH_SPECIFIED_SOURCE ( 'ANY', '', #442, .NOT_KNOWN. ) ;
#783 = CIRCLE ( 'NONE', #35, 0.01128472222222225499 ) ;
#784 = CARTESIAN_POINT ( 'NONE',  ( 0.1386140128027603668, -0.05078125000000000000, -0.1611500892007556862 ) ) ;
#785 = ORIENTED_EDGE ( 'NONE', *, *, #1107, .T. ) ;
#786 = DIRECTION ( 'NONE',  ( 1.000000000000000000, 0.000000000000000000, 0.000000000000000000 ) ) ;
#787 = DIRECTION ( 'NONE',  ( 0.000000000000000000, 1.000000000000000000, 0.000000000000000000 ) ) ;
#788 = ORIENTED_EDGE ( 'NONE', *, *, #474, .T. ) ;
#789 = CARTESIAN_POINT ( 'NONE',  ( -0.1352966716030500061, -0.05011929520269243349, -0.1695902141585635681 ) ) ;
#790 = DIRECTION ( 'NONE',  ( 1.000000000000000000, 0.000000000000000000, 0.000000000000000000 ) ) ;
#791 = CARTESIAN_POINT ( 'NONE',  ( -0.1273348442121158552, -0.03999591531237539632, -0.1800000000000000211 ) ) ;
#792 = FACE_OUTER_BOUND ( 'NONE', #461, .T. ) ;
#793 = ORIENTED_EDGE ( 'NONE', *, *, #703, .T. ) ;
#794 = DIRECTION ( 'NONE',  ( 0.000000000000000000, 1.000000000000000000, 0.000000000000000000 ) ) ;
#795 = EDGE_CURVE ( 'NONE', #1204, #159, #1574, .T. ) ;
#796 = CARTESIAN_POINT ( 'NONE',  ( 0.000000000000000000, 0.000000000000000000, -0.1737822823379756576 ) ) ;
#797 = ORIENTED_EDGE ( 'NONE', *, *, #713, .T. ) ;
#798 = DIRECTION ( 'NONE',  ( 0.000000000000000000, 1.000000000000000000, 0.000000000000000000 ) ) ;
#799 = DIRECTION ( 'NONE',  ( 0.000000000000000000, 1.000000000000000000, 0.000000000000000000 ) ) ;
#800 = PLANE ( 'NONE',  #639 ) ;
#801 = VERTEX_POINT ( 'NONE', #296 ) ;
#802 = B_SPLINE_CURVE_WITH_KNOTS ( 'NONE', 3,
 ( #1617, #562, #1218, #432, #824, #1462 ),
 .UNSPECIFIED., .F., .F.,
 ( 4, 2, 4 ),
 ( 1.986188337937074484E-07, 0.0002066028135348336135, 0.0004130070082358735292 ),
 .UNSPECIFIED. ) ;
#803 = DIRECTION ( 'NONE',  ( -2.017364672244381116E-15, 0.000000000000000000, -1.000000000000000000 ) ) ;
#804 = CARTESIAN_POINT ( 'NONE',  ( 0.1401562500000000100, 0.000000000000000000, -0.1799999999999999933 ) ) ;
#805 = ORIENTED_EDGE ( 'NONE', *, *, #597, .F. ) ;
#806 = CARTESIAN_POINT ( 'NONE',  ( -0.2335320463603499375, -0.03385416666666667129, -0.1574849423945224314 ) ) ;
#807 = AXIS2_PLACEMENT_3D ( 'NONE', #1636, #1522, #46 ) ;
#808 = DIRECTION ( 'NONE',  ( 0.2588190451025143002, 0.000000000000000000, -0.9659258262890700886 ) ) ;
#809 = CYLINDRICAL_SURFACE ( 'NONE', #256, 0.3425150576054775686 ) ;
#810 = ORIENTED_EDGE ( 'NONE', *, *, #1367, .F. ) ;
#811 = CIRCLE ( 'NONE', #457, 0.4663374909882757047 ) ;
#812 = EDGE_CURVE ( 'NONE', #301, #351, #669, .T. ) ;
#813 = ORIENTED_EDGE ( 'NONE', *, *, #471, .T. ) ;
#814 = CARTESIAN_POINT ( 'NONE',  ( 0.1940318685162989165, 0.05078125000000010408, -0.02749443928251407362 ) ) ;
#815 = CARTESIAN_POINT ( 'NONE',  ( -0.2335320463603496322, 0.03385416666666667129, -0.4717881944444444198 ) ) ;
#816 = ORIENTED_EDGE ( 'NONE', *, *, #1439, .F. ) ;
#817 = CARTESIAN_POINT ( 'NONE',  ( -0.1939307384407123191, 0.05078125000000000000, -0.02774141333683356053 ) ) ;
#818 = CARTESIAN_POINT ( 'NONE',  ( -0.1939307384407123191, -0.05078125000000000000, -0.02774141333683356053 ) ) ;
#819 = VERTEX_POINT ( 'NONE', #1313 ) ;
#820 = ORIENTED_EDGE ( 'NONE', *, *, #1514, .F. ) ;
#821 = CARTESIAN_POINT ( 'NONE',  ( -0.02883749098827556590, 0.03385416666666667129, -0.4180541475201488000 ) ) ;
#822 = EDGE_CURVE ( 'NONE', #1630, #402, #1480, .T. ) ;
#823 = CARTESIAN_POINT ( 'NONE',  ( -0.4092881944444444198, -0.05078125000000000000, -0.4180541475201448032 ) ) ;
#824 = CARTESIAN_POINT ( 'NONE',  ( 0.1966150726582987507, -0.04560247281026535288, -0.01491047642974840243 ) ) ;
#825 = ORIENTED_EDGE ( 'NONE', *, *, #1076, .T. ) ;
#826 = ORIENTED_EDGE ( 'NONE', *, *, #167, .T. ) ;
#827 = ORIENTED_EDGE ( 'NONE', *, *, #1001, .T. ) ;
#828 = COORDINATED_UNIVERSAL_TIME_OFFSET ( 6, 0, .BEHIND. ) ;
#829 = CARTESIAN_POINT ( 'NONE',  ( -0.1942392198253346247, 0.05076248406735387603, -0.02699999999999999969 ) ) ;
#830 = CYLINDRICAL_SURFACE ( 'NONE', #1197, 0.09499999999999998723 ) ;
#831 = EDGE_LOOP ( 'NONE', ( #1548, #1105, #1667, #103 ) ) ;
#832 = CIRCLE ( 'NONE', #1660, 0.2022425481046799534 ) ;
#833 = CIRCLE ( 'NONE', #508, 0.1426192202889080274 ) ;
#834 = AXIS2_PLACEMENT_3D ( 'NONE', #91, #224, #624 ) ;
#835 = ORIENTED_EDGE ( 'NONE', *, *, #581, .F. ) ;
#836 = CC_DESIGN_PERSON_AND_ORGANIZATION_ASSIGNMENT ( #601, #326, ( #616 ) ) ;
#837 = CARTESIAN_POINT ( 'NONE',  ( 0.1386140128027603946, 0.05078125000000000000, -0.1611500892007556029 ) ) ;
#838 = FACE_OUTER_BOUND ( 'NONE', #300, .T. ) ;
#839 = ORIENTED_EDGE ( 'NONE', *, *, #1508, .F. ) ;
#840 = CARTESIAN_POINT ( 'NONE',  ( 0.1939307384407123191, 0.05078125000000000000, -0.02774141333683356053 ) ) ;
#841 = EDGE_CURVE ( 'NONE', #93, #1694, #662, .T. ) ;
#842 = ORIENTED_EDGE ( 'NONE', *, *, #1149, .F. ) ;
#843 = CALENDAR_DATE ( 2026, 1, 7 ) ;
#844 = CARTESIAN_POINT ( 'NONE',  ( -0.02883749098827556590, -0.03385416666666667129, -0.4180541475201488000 ) ) ;
#845 = DIRECTION ( 'NONE',  ( -0.2588190451025143002, 0.000000000000000000, 0.9659258262890699775 ) ) ;
#846 = VERTEX_POINT ( 'NONE', #681 ) ;
#847 = DIRECTION ( 'NONE',  ( 0.000000000000000000, 0.000000000000000000, -1.000000000000000000 ) ) ;
#848 = ORIENTED_EDGE ( 'NONE', *, *, #1658, .F. ) ;
#849 = CLOSED_SHELL ( 'NONE', ( #622, #1019, #295, #1431, #1456, #1257, #334, #546, #104, #1488, #293, #270, #1689, #1308, #774, #316, #770, #1210, #1709, #274, #868, #898, #1538, #1563, #1624, #897, #604, #1545, #1007, #1277, #1062, #1270, #740, #1600, #919, #39, #891, #691, #1037, #645, #1023, #1099, #237, #630, #452, #1584, #728, #202, #1089, #875, #6, #1506 ) ) ;
#850 = CARTESIAN_POINT ( 'NONE',  ( -0.1942392198253346247, 0.05076248406735387603, -0.02699999999999999969 ) ) ;
#851 = CARTESIAN_POINT ( 'NONE',  ( -0.1959871424447188759, 0.04744585057528935557, -0.01692920080304364736 ) ) ;
#852 = ORIENTED_EDGE ( 'NONE', *, *, #421, .F. ) ;
#853 = CIRCLE ( 'NONE', #671, 0.01692708333333334605 ) ;
#854 = AXIS2_PLACEMENT_3D ( 'NONE', #511, #373, #786 ) ;
#855 = CIRCLE ( 'NONE', #1300, 0.02821180555555556982 ) ;
#856 = DIRECTION ( 'NONE',  ( 0.000000000000000000, 0.000000000000000000, 1.000000000000000000 ) ) ;
#857 = PRODUCT_DEFINITION ( 'UNKNOWN', '', #782, #473 ) ;
#858 = AXIS2_PLACEMENT_3D ( 'NONE', #492, #1425, #633 ) ;
#859 = ORIENTED_EDGE ( 'NONE', *, *, #124, .T. ) ;
#860 = DIRECTION ( 'NONE',  ( -1.000000000000000000, 0.000000000000000000, -0.000000000000000000 ) ) ;
#861 = DIRECTION ( 'NONE',  ( 0.000000000000000000, 0.000000000000000000, 1.000000000000000000 ) ) ;
#862 = EDGE_LOOP ( 'NONE', ( #938, #1241, #341, #1500, #465, #1155, #382 ) ) ;
#863 = CARTESIAN_POINT ( 'NONE',  ( -0.4250640359052077488, 0.05078125000000000000, -0.4414427943153174105 ) ) ;
#864 = CARTESIAN_POINT ( 'NONE',  ( -0.1386140128027603946, 0.05078125000000000000, -0.1611500892007556029 ) ) ;
#865 = VERTEX_POINT ( 'NONE', #1341 ) ;
#866 = DIRECTION ( 'NONE',  ( 0.000000000000000000, 0.000000000000000000, 1.000000000000000000 ) ) ;
#867 = CARTESIAN_POINT ( 'NONE',  ( 0.1386140128027603946, 0.05078125000000000000, -0.1611500892007556029 ) ) ;
#868 = ADVANCED_FACE ( 'NONE', ( #1209 ), #1408, .T. ) ;
#869 = EDGE_CURVE ( 'NONE', #1481, #165, #1192, .T. ) ;
#870 = DIRECTION ( 'NONE',  ( 0.000000000000000000, -1.000000000000000000, -0.000000000000000000 ) ) ;
#871 = ORIENTED_EDGE ( 'NONE', *, *, #1142, .T. ) ;
#872 = EDGE_CURVE ( 'NONE', #1712, #468, #672, .T. ) ;
#873 = DIRECTION ( 'NONE',  ( 0.000000000000000000, 0.000000000000000000, 1.000000000000000000 ) ) ;
#874 = CARTESIAN_POINT ( 'NONE',  ( 0.1756883455236567804, 0.05078125000000000000, -0.07229193614717076277 ) ) ;
#875 = ADVANCED_FACE ( 'NONE', ( #1598 ), #1084, .T. ) ;
#876 = AXIS2_PLACEMENT_3D ( 'NONE', #1682, #1319, #1176 ) ;
#877 = DIRECTION ( 'NONE',  ( 0.000000000000000000, 0.000000000000000000, 1.000000000000000000 ) ) ;
#878 = ORIENTED_EDGE ( 'NONE', *, *, #343, .T. ) ;
#879 =( BOUNDED_CURVE ( )  B_SPLINE_CURVE ( 3, ( #678, #1207, #939, #549 ),
 .UNSPECIFIED., .F., .F. ) 
 B_SPLINE_CURVE_WITH_KNOTS ( ( 4, 4 ),
 ( 3.141592653589793116, 3.512901733000414861 ),
 .UNSPECIFIED. ) 
 CURVE ( )  GEOMETRIC_REPRESENTATION_ITEM ( )  RATIONAL_B_SPLINE_CURVE ( ( 1.000000000000000000, 0.9885437598487462063, 0.9885437598487462063, 1.000000000000000000 ) ) 
 REPRESENTATION_ITEM ( '' )  );
#880 = DIMENSIONAL_EXPONENTS ( 1.000000000000000000, 0.000000000000000000, 0.000000000000000000, 0.000000000000000000, 0.000000000000000000, 0.000000000000000000, 0.000000000000000000 ) ;
#881 = CIRCLE ( 'NONE', #365, 0.2019439030424000359 ) ;
#882 = DIRECTION ( 'NONE',  ( -1.000000000000000000, 0.000000000000000000, 0.000000000000000000 ) ) ;
#883 = DIRECTION ( 'NONE',  ( 0.000000000000000000, 0.000000000000000000, 1.000000000000000000 ) ) ;
#884 =( GEOMETRIC_REPRESENTATION_CONTEXT ( 3 ) GLOBAL_UNCERTAINTY_ASSIGNED_CONTEXT ( ( #933 ) ) GLOBAL_UNIT_ASSIGNED_CONTEXT ( ( #411, #277, #682 ) ) REPRESENTATION_CONTEXT ( 'NONE', 'WORKASPACE' ) );
#885 = CARTESIAN_POINT ( 'NONE',  ( 0.2031250000000000000, 0.000000000000000000, 0.000000000000000000 ) ) ;
#886 = CARTESIAN_POINT ( 'NONE',  ( 0.2019147354545330342, 0.01234432438144402247, -0.01383338705486514622 ) ) ;
#887 = CARTESIAN_POINT ( 'NONE',  ( -0.4205729166666667962, -0.05078125000000000000, -0.4180541475201448032 ) ) ;
#888 = ORIENTED_EDGE ( 'NONE', *, *, #596, .T. ) ;
#889 = CARTESIAN_POINT ( 'NONE',  ( -0.4375000000000001110, 0.03385416666666667129, -0.4180541475201448032 ) ) ;
#890 = DIRECTION ( 'NONE',  ( 0.5591929034707473489, 0.000000000000000000, 0.8290375725550412911 ) ) ;
#891 = ADVANCED_FACE ( 'NONE', ( #24 ), #564, .T. ) ;
#892 = EDGE_CURVE ( 'NONE', #1214, #301, #126, .T. ) ;
#893 = ORIENTED_EDGE ( 'NONE', *, *, #445, .T. ) ;
#894 = ORIENTED_EDGE ( 'NONE', *, *, #654, .T. ) ;
#895 = DIRECTION ( 'NONE',  ( 0.000000000000000000, 0.000000000000000000, 1.000000000000000000 ) ) ;
#896 = CARTESIAN_POINT ( 'NONE',  ( 0.000000000000000000, 0.000000000000000000, 0.000000000000000000 ) ) ;
#897 = ADVANCED_FACE ( 'NONE', ( #934 ), #194, .F. ) ;
#898 = ADVANCED_FACE ( 'NONE', ( #324 ), #1633, .T. ) ;
#899 = CARTESIAN_POINT ( 'NONE',  ( 0.02883749098827556590, 0.05078125000000000000, -0.4180541475201488000 ) ) ;
#900 = ORIENTED_EDGE ( 'NONE', *, *, #379, .F. ) ;
#901 = DIRECTION ( 'NONE',  ( 0.9659258262890699775, 0.000000000000000000, -0.2588190451025145777 ) ) ;
#902 = DIRECTION ( 'NONE',  ( 0.000000000000000000, 0.000000000000000000, 1.000000000000000000 ) ) ;
#903 = ORIENTED_EDGE ( 'NONE', *, *, #1001, .F. ) ;
#904 = FACE_OUTER_BOUND ( 'NONE', #1435, .T. ) ;
#905 = DIRECTION ( 'NONE',  ( 1.000000000000000000, 0.000000000000000000, 0.000000000000000000 ) ) ;
#906 = DIRECTION ( 'NONE',  ( 0.5591929034707473489, 0.000000000000000000, -0.8290375725550412911 ) ) ;
#907 = VERTEX_POINT ( 'NONE', #1629 ) ;
#908 = CIRCLE ( 'NONE', #338, 0.1426192202889080274 ) ;
#909 = CARTESIAN_POINT ( 'NONE',  ( 0.1261406250000000062, -0.03596135244320298324, -0.1799999999999999933 ) ) ;
#910 = CIRCLE ( 'NONE', #175, 0.01692708333333331483 ) ;
#911 = CARTESIAN_POINT ( 'NONE',  ( 0.1939307384407123191, -0.05078125000000000000, -0.02774141333683356053 ) ) ;
#912 = CIRCLE ( 'NONE', #1356, 0.01692708333333331483 ) ;
#913 = ORIENTED_EDGE ( 'NONE', *, *, #1002, .F. ) ;
#914 = AXIS2_PLACEMENT_3D ( 'NONE', #663, #1225, #287 ) ;
#915 = DIRECTION ( 'NONE',  ( 0.000000000000000000, 0.000000000000000000, 1.000000000000000000 ) ) ;
#916 = CARTESIAN_POINT ( 'NONE',  ( -0.1339733259106274388, -0.04890183984533511691, -0.1737822823379940318 ) ) ;
#917 = AXIS2_PLACEMENT_3D ( 'NONE', #1110, #467, #1240 ) ;
#918 = DIRECTION ( 'NONE',  ( -0.000000000000000000, 1.000000000000000000, -0.000000000000000000 ) ) ;
#919 = ADVANCED_FACE ( 'NONE', ( #454 ), #1054, .T. ) ;
#920 = ORIENTED_EDGE ( 'NONE', *, *, #361, .F. ) ;
#921 = CARTESIAN_POINT ( 'NONE',  ( -0.1985717735954083130, 0.05078125000000000000, -0.03042708333333331988 ) ) ;
#922 = CARTESIAN_POINT ( 'NONE',  ( -0.2008215282529421386, -0.02459438084650548972, -0.01349999999999999117 ) ) ;
#923 = EDGE_LOOP ( 'NONE', ( #355, #1418, #1422, #550 ) ) ;
#924 = CARTESIAN_POINT ( 'NONE',  ( 0.2062815347679930744, 0.03385416666666667129, -0.4790899470189511344 ) ) ;
#925 = CARTESIAN_POINT ( 'NONE',  ( -0.1959895575132200862, -0.04743950668562719325, -0.01691968857836242957 ) ) ;
#926 = CARTESIAN_POINT ( 'NONE',  ( 0.1972413650290326115, 0.04332648032398621341, -0.01350000000000000852 ) ) ;
#927 = EDGE_CURVE ( 'NONE', #1363, #16, #1437, .T. ) ;
#928 = B_SPLINE_CURVE_WITH_KNOTS ( 'NONE', 3,
 ( #699, #571, #439, #1485, #305, #936 ),
 .UNSPECIFIED., .F., .F.,
 ( 4, 2, 4 ),
 ( 0.0001203282832567695927, 0.0002926748301962150338, 0.0004650213771356605155 ),
 .UNSPECIFIED. ) ;
#929 = ORIENTED_EDGE ( 'NONE', *, *, #1129, .T. ) ;
#930 = DIRECTION ( 'NONE',  ( 0.000000000000000000, -1.000000000000000000, -0.000000000000000000 ) ) ;
#931 = FACE_BOUND ( 'NONE', #157, .T. ) ;
#932 = EDGE_LOOP ( 'NONE', ( #1312, #788, #1595, #785, #1696, #1592, #433 ) ) ;
#933 = UNCERTAINTY_MEASURE_WITH_UNIT (LENGTH_MEASURE( 1.000000000000000082E-05 ), #411, 'distance_accuracy_value', 'NONE');
#934 = FACE_OUTER_BOUND ( 'NONE', #329, .T. ) ;
#935 = CARTESIAN_POINT ( 'NONE',  ( 0.2335320463603496322, 0.03385416666666667129, -0.4717881944444444198 ) ) ;
#936 = CARTESIAN_POINT ( 'NONE',  ( 0.1339733259106274665, -0.04890183984533513772, -0.1737822823379939485 ) ) ;
#937 = DIRECTION ( 'NONE',  ( 0.000000000000000000, -1.000000000000000000, -0.000000000000000000 ) ) ;
#938 = ORIENTED_EDGE ( 'NONE', *, *, #1260, .F. ) ;
#939 = CARTESIAN_POINT ( 'NONE',  ( -0.1265433113421466083, 0.03803232758029029270, -0.1800000000000000211 ) ) ;
#940 = AXIS2_PLACEMENT_3D ( 'NONE', #482, #1402, #66 ) ;
#941 = ORIENTED_EDGE ( 'NONE', *, *, #471, .F. ) ;
#942 = CARTESIAN_POINT ( 'NONE',  ( 0.1261406250000000062, 0.05078125000000000000, -0.01350000000000000852 ) ) ;
#943 = B_SPLINE_CURVE_WITH_KNOTS ( 'NONE', 3,
 ( #1386, #1623, #207, #738 ),
 .UNSPECIFIED., .F., .F.,
 ( 4, 4 ),
 ( 0.004823131801164409586, 0.008490598199729377377 ),
 .UNSPECIFIED. ) ;
#944 = LINE ( 'NONE', #155, #1112 ) ;
#945 = DIRECTION ( 'NONE',  ( 0.000000000000000000, 0.000000000000000000, -1.000000000000000000 ) ) ;
#946 = AXIS2_PLACEMENT_3D ( 'NONE', #1432, #1532, #353 ) ;
#947 = CIRCLE ( 'NONE', #1468, 0.3255879742721442538 ) ;
#948 = ORIENTED_EDGE ( 'NONE', *, *, #822, .T. ) ;
#949 = EDGE_LOOP ( 'NONE', ( #1230, #975, #556, #1208, #852, #1572, #1152 ) ) ;
#950 = EDGE_CURVE ( 'NONE', #625, #531, #1141, .T. ) ;
#951 = ORIENTED_EDGE ( 'NONE', *, *, #654, .F. ) ;
#952 = B_SPLINE_CURVE_WITH_KNOTS ( 'NONE', 3,
 ( #626, #1286, #1564, #784 ),
 .UNSPECIFIED., .F., .F.,
 ( 4, 4 ),
 ( 2.143986924148260288E-07, 0.0003451640122837129100 ),
 .UNSPECIFIED. ) ;
#953 = DIRECTION ( 'NONE',  ( -0.9659258262890699775, 0.000000000000000000, -0.2588190451025145777 ) ) ;
#954 = DIRECTION ( 'NONE',  ( -0.000000000000000000, -1.000000000000000000, -0.000000000000000000 ) ) ;
#955 = ORIENTED_EDGE ( 'NONE', *, *, #872, .T. ) ;
#956 = EDGE_CURVE ( 'NONE', #621, #1137, #994, .T. ) ;
#957 = EDGE_LOOP ( 'NONE', ( #187, #701, #839, #680 ) ) ;
#958 = APPROVAL_STATUS ( 'not_yet_approved' ) ;
#959 = CARTESIAN_POINT ( 'NONE',  ( -0.1966153972431599617, -0.04560129324500616921, -0.01490974543046927510 ) ) ;
#960 = CARTESIAN_POINT ( 'NONE',  ( 0.1972413650290326115, 0.04332648032398621341, -0.01350000000000000852 ) ) ;
#961 = ORIENTED_EDGE ( 'NONE', *, *, #167, .F. ) ;
#962 = EDGE_LOOP ( 'NONE', ( #825, #1121, #522, #1219 ) ) ;
#963 = CC_DESIGN_DATE_AND_TIME_ASSIGNMENT ( #570, #444, ( #616 ) ) ;
#964 = AXIS2_PLACEMENT_3D ( 'NONE', #472, #1535, #1397 ) ;
#965 = CALENDAR_DATE ( 2026, 1, 7 ) ;
#966 = TOROIDAL_SURFACE ( 'NONE', #478, 0.3255879742721442538, 0.01692708333333333218 ) ;
#967 = VECTOR ( 'NONE', #88, 39.37007874015748143 ) ;
#968 = CARTESIAN_POINT ( 'NONE',  ( 0.1985717735954083130, 0.05078125000000000000, -0.03042708333333331988 ) ) ;
#969 = DIRECTION ( 'NONE',  ( -0.9659258262890699775, 0.000000000000000000, 0.2588190451025143002 ) ) ;
#970 = ORIENTED_EDGE ( 'NONE', *, *, #428, .F. ) ;
#971 = AXIS2_PLACEMENT_3D ( 'NONE', #1333, #403, #410 ) ;
#972 = AXIS2_PLACEMENT_3D ( 'NONE', #524, #1014, #873 ) ;
#973 = EDGE_CURVE ( 'NONE', #309, #21, #518, .T. ) ;
#974 = AXIS2_PLACEMENT_3D ( 'NONE', #1622, #68, #1375 ) ;
#975 = ORIENTED_EDGE ( 'NONE', *, *, #1365, .F. ) ;
#976 = COORDINATED_UNIVERSAL_TIME_OFFSET ( 6, 0, .BEHIND. ) ;
#977 = DIRECTION ( 'NONE',  ( 0.8290375725550414021, -0.000000000000000000, -0.5591929034707474599 ) ) ;
#978 = LINE ( 'NONE', #1503, #369 ) ;
#979 = ORIENTED_EDGE ( 'NONE', *, *, #1529, .F. ) ;
#980 = ORIENTED_EDGE ( 'NONE', *, *, #1559, .T. ) ;
#981 = DIRECTION ( 'NONE',  ( -0.9659258262890699775, 0.000000000000000000, 0.2588190451025145777 ) ) ;
#982 = VERTEX_POINT ( 'NONE', #1672 ) ;
#983 = PERSON_AND_ORGANIZATION_ROLE ( 'creator' ) ;
#984 = DIRECTION ( 'NONE',  ( 0.000000000000000000, 0.000000000000000000, 1.000000000000000000 ) ) ;
#985 = CARTESIAN_POINT ( 'NONE',  ( 0.2335320463603499375, 0.05078125000000000000, -0.1574849423945224314 ) ) ;
#986 = ORIENTED_EDGE ( 'NONE', *, *, #361, .T. ) ;
#987 = EDGE_CURVE ( 'NONE', #1051, #676, #1012, .T. ) ;
#988 = CARTESIAN_POINT ( 'NONE',  ( -0.1273348442121159108, 0.03999591531237542408, -0.1799999999999999933 ) ) ;
#989 = CARTESIAN_POINT ( 'NONE',  ( 0.2226318417234069702, 0.05078125000000000000, -0.4747088954742471056 ) ) ;
#990 = CARTESIAN_POINT ( 'NONE',  ( -0.2335320463603499375, 0.05078125000000000000, -0.1574849423945224314 ) ) ;
#991 = CARTESIAN_POINT ( 'NONE',  ( 0.4155985310287497736, 0.03385416666666667129, -0.4274096062382138350 ) ) ;
#992 = ORIENTED_EDGE ( 'NONE', *, *, #1351, .F. ) ;
#993 = TOROIDAL_SURFACE ( 'NONE', #1223, 0.01128472222222226019, 0.01692708333333333218 ) ;
#994 = CIRCLE ( 'NONE', #702, 0.2019439030424000359 ) ;
#995 = CIRCLE ( 'NONE', #972, 0.01128472222222225499 ) ;
#996 = AXIS2_PLACEMENT_3D ( 'NONE', #404, #1471, #1201 ) ;
#997 = DIRECTION ( 'NONE',  ( 0.000000000000000000, 0.000000000000000000, -1.000000000000000000 ) ) ;
#998 = CIRCLE ( 'NONE', #1497, 0.02821180555555556982 ) ;
#999 = CARTESIAN_POINT ( 'NONE',  ( 0.1339733259106274665, -0.04890183984533513772, -0.1737822823379939485 ) ) ;
#1000 = AXIS2_PLACEMENT_3D ( 'NONE', #1424, #244, #111 ) ;
#1001 = EDGE_CURVE ( 'NONE', #5, #1447, #832, .T. ) ;
#1002 = EDGE_CURVE ( 'NONE', #1475, #1060, #3, .T. ) ;
#1003 = CARTESIAN_POINT ( 'NONE',  ( -0.1386140128027603668, -0.05078125000000000000, -0.1611500892007556862 ) ) ;
#1004 = DIRECTION ( 'NONE',  ( 0.000000000000000000, 0.000000000000000000, 1.000000000000000000 ) ) ;
#1005 = CARTESIAN_POINT ( 'NONE',  ( -0.4375000000000001110, 0.05078125000000000000, -0.4180541475201448032 ) ) ;
#1006 = CARTESIAN_POINT ( 'NONE',  ( -0.1368431091925348120, 0.05078125000000000000, -0.1653478681049442844 ) ) ;
#1007 = ADVANCED_FACE ( 'NONE', ( #332 ), #741, .T. ) ;
#1008 = DIRECTION ( 'NONE',  ( -0.000000000000000000, -1.000000000000000000, -0.000000000000000000 ) ) ;
#1009 = CARTESIAN_POINT ( 'NONE',  ( 0.1985717735954083130, 0.04228336674376443477, -0.01350000000000000852 ) ) ;
#1010 = PLANE ( 'NONE',  #1604 ) ;
#1011 = EDGE_LOOP ( 'NONE', ( #1280, #1504, #289 ) ) ;
#1012 = LINE ( 'NONE', #1396, #395 ) ;
#1013 = CARTESIAN_POINT ( 'NONE',  ( 0.2062815347679930189, 0.05078125000000000000, -0.4790899470189511344 ) ) ;
#1014 = DIRECTION ( 'NONE',  ( 0.000000000000000000, 1.000000000000000000, 0.000000000000000000 ) ) ;
#1015 = DIRECTION ( 'NONE',  ( 1.000000000000000000, 0.000000000000000000, 0.000000000000000000 ) ) ;
#1016 = CIRCLE ( 'NONE', #448, 0.01128472222222225499 ) ;
#1017 = FACE_OUTER_BOUND ( 'NONE', #579, .T. ) ;
#1018 = ORIENTED_EDGE ( 'NONE', *, *, #892, .T. ) ;
#1019 = ADVANCED_FACE ( 'NONE', ( #1640 ), #1272, .T. ) ;
#1020 = CARTESIAN_POINT ( 'NONE',  ( 0.2335320463603496599, -0.03385416666666667129, -0.5000000000000000000 ) ) ;
#1021 = DIRECTION ( 'NONE',  ( 0.000000000000000000, 0.000000000000000000, 1.000000000000000000 ) ) ;
#1022 = CIRCLE ( 'NONE', #1526, 0.3425150576054775686 ) ;
#1023 = ADVANCED_FACE ( 'NONE', ( #1264 ), #613, .T. ) ;
#1024 = VERTEX_POINT ( 'NONE', #362 ) ;
#1025 = CARTESIAN_POINT ( 'NONE',  ( -0.2335320463603496322, -0.05078125000000000000, -0.4830729166666666852 ) ) ;
#1026 = CARTESIAN_POINT ( 'NONE',  ( 0.2046215080167818057, -0.03671736785602769393, -0.01435121469236517143 ) ) ;
#1027 = CARTESIAN_POINT ( 'NONE',  ( 0.1939307384407123191, 0.05078125000000000000, -0.02774141333683356053 ) ) ;
#1028 = EDGE_LOOP ( 'NONE', ( #453, #239, #510, #631 ) ) ;
#1029 = DIRECTION ( 'NONE',  ( 1.000000000000000000, 0.000000000000000000, 0.000000000000000000 ) ) ;
#1030 = DIRECTION ( 'NONE',  ( 0.000000000000000000, 0.000000000000000000, -1.000000000000000000 ) ) ;
#1031 = ORIENTED_EDGE ( 'NONE', *, *, #236, .T. ) ;
#1032 = CARTESIAN_POINT ( 'NONE',  ( 0.1294235585503901165, 0.04407448026149433234, -0.1796668586850230231 ) ) ;
#1033 = FACE_OUTER_BOUND ( 'NONE', #337, .T. ) ;
#1034 = ORIENTED_EDGE ( 'NONE', *, *, #841, .T. ) ;
#1035 = FACE_OUTER_BOUND ( 'NONE', #1423, .T. ) ;
#1036 = ORIENTED_EDGE ( 'NONE', *, *, #841, .F. ) ;
#1037 = ADVANCED_FACE ( 'NONE', ( #729 ), #777, .T. ) ;
#1038 = CARTESIAN_POINT ( 'NONE',  ( -0.2071371639531136566, 0.05078125000000000000, -0.01582707517601571537 ) ) ;
#1039 = FACE_OUTER_BOUND ( 'NONE', #1516, .T. ) ;
#1040 = ORIENTED_EDGE ( 'NONE', *, *, #668, .T. ) ;
#1041 = EDGE_CURVE ( 'NONE', #665, #1024, #470, .T. ) ;
#1042 = CARTESIAN_POINT ( 'NONE',  ( -0.1368582502254256372, -0.05078125000000000000, -0.1653119775527482904 ) ) ;
#1043 = DIRECTION ( 'NONE',  ( 0.000000000000000000, 0.000000000000000000, 1.000000000000000000 ) ) ;
#1044 = CARTESIAN_POINT ( 'NONE',  ( 0.2062815347679930189, 0.03385416666666667129, -0.4790899470189511344 ) ) ;
#1045 = VERTEX_POINT ( 'NONE', #340 ) ;
#1046 = B_SPLINE_CURVE_WITH_KNOTS ( 'NONE', 3,
 ( #837, #1360, #312, #45 ),
 .UNSPECIFIED., .F., .F.,
 ( 4, 4 ),
 ( 0.0008260950221041984606, 0.001173092641002425980 ),
 .UNSPECIFIED. ) ;
#1047 = CARTESIAN_POINT ( 'NONE',  ( 0.1386140128027603946, 0.05078125000000000000, -0.1611500892007556029 ) ) ;
#1048 = CARTESIAN_POINT ( 'NONE',  ( 0.000000000000000000, 0.000000000000000000, -0.02699999999999999969 ) ) ;
#1049 = AXIS2_PLACEMENT_3D ( 'NONE', #611, #1252, #598 ) ;
#1050 = AXIS2_PLACEMENT_3D ( 'NONE', #276, #1459, #285 ) ;
#1051 = VERTEX_POINT ( 'NONE', #230 ) ;
#1052 = EDGE_CURVE ( 'NONE', #612, #1170, #1586, .T. ) ;
#1053 = AXIS2_PLACEMENT_3D ( 'NONE', #844, #466, #984 ) ;
#1054 = CYLINDRICAL_SURFACE ( 'NONE', #177, 0.01692708333333332524 ) ;
#1055 = CYLINDRICAL_SURFACE ( 'NONE', #1056, 0.01692708333333332524 ) ;
#1056 = AXIS2_PLACEMENT_3D ( 'NONE', #552, #1072, #18 ) ;
#1057 = AXIS2_PLACEMENT_3D ( 'NONE', #1502, #52, #487 ) ;
#1058 = LINE ( 'NONE', #692, #1332 ) ;
#1059 = DIRECTION ( 'NONE',  ( 0.9659258262890699775, -0.000000000000000000, 0.2588190451025143002 ) ) ;
#1060 = VERTEX_POINT ( 'NONE', #71 ) ;
#1061 = CARTESIAN_POINT ( 'NONE',  ( 0.2335320463603496599, 0.03385416666666667129, -0.5000000000000000000 ) ) ;
#1062 = ADVANCED_FACE ( 'NONE', ( #605 ), #480, .T. ) ;
#1063 = DIRECTION ( 'NONE',  ( 0.000000000000000000, 0.000000000000000000, 1.000000000000000000 ) ) ;
#1064 = VERTEX_POINT ( 'NONE', #1528 ) ;
#1065 = CARTESIAN_POINT ( 'NONE',  ( -0.2226318417234069702, 0.03385416666666667129, -0.4747088954742471056 ) ) ;
#1066 = DIRECTION ( 'NONE',  ( -1.775734181964578607E-15, 0.000000000000000000, 1.000000000000000000 ) ) ;
#1067 = CARTESIAN_POINT ( 'NONE',  ( -0.4092881944444444198, 0.05078125000000000000, -0.4180541475201448032 ) ) ;
#1068 = ORIENTED_EDGE ( 'NONE', *, *, #84, .F. ) ;
#1069 = DIRECTION ( 'NONE',  ( 0.000000000000000000, 0.000000000000000000, -1.000000000000000000 ) ) ;
#1070 = ORIENTED_EDGE ( 'NONE', *, *, #481, .T. ) ;
#1071 = DIRECTION ( 'NONE',  ( -1.000000000000000000, 0.000000000000000000, 0.000000000000000000 ) ) ;
#1072 = DIRECTION ( 'NONE',  ( 0.2588190451025143002, 0.000000000000000000, 0.9659258262890700886 ) ) ;
#1073 = CARTESIAN_POINT ( 'NONE',  ( -0.09499999999999998723, 0.000000000000000000, 0.000000000000000000 ) ) ;
#1074 = DIRECTION ( 'NONE',  ( -1.000000000000000000, 0.000000000000000000, 0.000000000000000000 ) ) ;
#1075 = EDGE_LOOP ( 'NONE', ( #497, #1034, #1256, #372, #1414, #1511, #1482, #517 ) ) ;
#1076 = EDGE_CURVE ( 'NONE', #1151, #1370, #489, .T. ) ;
#1077 = CIRCLE ( 'NONE', #876, 0.01128472222222225499 ) ;
#1078 = EDGE_CURVE ( 'NONE', #555, #801, #587, .T. ) ;
#1079 = VERTEX_POINT ( 'NONE', #1020 ) ;
#1080 = VECTOR ( 'NONE', #530, 39.37007874015748143 ) ;
#1081 = ORIENTED_EDGE ( 'NONE', *, *, #1146, .T. ) ;
#1082 = AXIS2_PLACEMENT_3D ( 'NONE', #1101, #602, #861 ) ;
#1083 = DIRECTION ( 'NONE',  ( 0.000000000000000000, 0.000000000000000000, 1.000000000000000000 ) ) ;
#1084 = CONICAL_SURFACE ( 'NONE', #342, 0.1937789937417159492, 0.6981317007977322353 ) ;
#1085 = CARTESIAN_POINT ( 'NONE',  ( 0.4205729166666667962, 0.03385416666666667129, -0.4180541475201448032 ) ) ;
#1086 = CARTESIAN_POINT ( 'NONE',  ( 0.1976961021102402183, 0.04299794218998196499, -0.01350000000000000852 ) ) ;
#1087 = CIRCLE ( 'NONE', #1302, 0.01692708333333331483 ) ;
#1088 = ORIENTED_EDGE ( 'NONE', *, *, #391, .F. ) ;
#1089 = ADVANCED_FACE ( 'NONE', ( #1710 ), #1659, .T. ) ;
#1090 = ORIENTED_EDGE ( 'NONE', *, *, #950, .T. ) ;
#1091 = ORIENTED_EDGE ( 'NONE', *, *, #129, .T. ) ;
#1092 = PERSON_AND_ORGANIZATION ( #412, #643 ) ;
#1093 = VERTEX_POINT ( 'NONE', #94 ) ;
#1094 = CARTESIAN_POINT ( 'NONE',  ( -0.1972413650294043697, 0.04332648032371756719, -0.01350000000000000852 ) ) ;
#1095 = DIRECTION ( 'NONE',  ( 0.000000000000000000, 0.000000000000000000, 1.000000000000000000 ) ) ;
#1096 = ORIENTED_EDGE ( 'NONE', *, *, #760, .T. ) ;
#1097 = APPROVAL ( #1392, 'UNSPECIFIED' ) ;
#1098 = VERTEX_POINT ( 'NONE', #1318 ) ;
#1099 = ADVANCED_FACE ( 'NONE', ( #248 ), #1108, .T. ) ;
#1100 = FACE_OUTER_BOUND ( 'NONE', #1530, .T. ) ;
#1101 = CARTESIAN_POINT ( 'NONE',  ( 0.2335320463603496322, -0.05078125000000000000, -0.4717881944444444198 ) ) ;
#1102 = ORIENTED_EDGE ( 'NONE', *, *, #474, .F. ) ;
#1103 = ORIENTED_EDGE ( 'NONE', *, *, #1674, .T. ) ;
#1104 = CARTESIAN_POINT ( 'NONE',  ( 0.2335320463603499375, -0.03385416666666667129, -0.1574849423945224314 ) ) ;
#1105 = ORIENTED_EDGE ( 'NONE', *, *, #1638, .T. ) ;
#1106 = PERSON_AND_ORGANIZATION ( #412, #643 ) ;
#1107 = EDGE_CURVE ( 'NONE', #21, #759, #282, .T. ) ;
#1108 = TOROIDAL_SURFACE ( 'NONE', #1546, 0.01128472222222223591, 0.01692708333333333218 ) ;
#1109 = CARTESIAN_POINT ( 'NONE',  ( 0.4250640359052077488, 0.03385416666666667129, -0.4414427943153174105 ) ) ;
#1110 = CARTESIAN_POINT ( 'NONE',  ( 0.2335320463603496322, -0.03385416666666667129, -0.4830729166666666852 ) ) ;
#1111 = ORIENTED_EDGE ( 'NONE', *, *, #646, .T. ) ;
#1112 = VECTOR ( 'NONE', #561, 39.37007874015748143 ) ;
#1113 = APPROVAL_PERSON_ORGANIZATION ( #1106, #1097, #44 ) ;
#1114 = DIRECTION ( 'NONE',  ( 0.000000000000000000, 0.000000000000000000, -1.000000000000000000 ) ) ;
#1115 = ORIENTED_EDGE ( 'NONE', *, *, #1529, .T. ) ;
#1116 = COORDINATED_UNIVERSAL_TIME_OFFSET ( 6, 0, .BEHIND. ) ;
#1117 = B_SPLINE_CURVE_WITH_KNOTS ( 'NONE', 3,
 ( #765, #374, #922, #401 ),
 .UNSPECIFIED., .F., .F.,
 ( 4, 4 ),
 ( 0.0009385218283102624969, 0.001877114100427185704 ),
 .UNSPECIFIED. ) ;
#1118 = CC_DESIGN_DATE_AND_TIME_ASSIGNMENT ( #1632, #1621, ( #857 ) ) ;
#1119 = CYLINDRICAL_SURFACE ( 'NONE', #675, 0.3425150576054775686 ) ;
#1120 = DIRECTION ( 'NONE',  ( -0.000000000000000000, -0.000000000000000000, -1.000000000000000000 ) ) ;
#1121 = ORIENTED_EDGE ( 'NONE', *, *, #139, .F. ) ;
#1122 = CARTESIAN_POINT ( 'NONE',  ( -0.1339733259106783980, 0.04890183984521664917, -0.1737822823379756576 ) ) ;
#1123 = FACE_OUTER_BOUND ( 'NONE', #667, .T. ) ;
#1124 = PLANE ( 'NONE',  #1631 ) ;
#1125 = ORIENTED_EDGE ( 'NONE', *, *, #1331, .T. ) ;
#1126 = EDGE_CURVE ( 'NONE', #755, #720, #912, .T. ) ;
#1127 = DIRECTION ( 'NONE',  ( -0.000000000000000000, -1.000000000000000000, -0.000000000000000000 ) ) ;
#1128 = DIRECTION ( 'NONE',  ( -1.000000000000000000, 0.000000000000000000, 0.000000000000000000 ) ) ;
#1129 = EDGE_CURVE ( 'NONE', #1064, #1712, #371, .T. ) ;
#1130 = CARTESIAN_POINT ( 'NONE',  ( 0.2335320463603496322, 0.03385416666666667129, -0.4717881944444444198 ) ) ;
#1131 = DIRECTION ( 'NONE',  ( -1.000000000000000000, 0.000000000000000000, 0.000000000000000000 ) ) ;
#1132 = AXIS2_PLACEMENT_3D ( 'NONE', #804, #1030, #138 ) ;
#1133 = CIRCLE ( 'NONE', #854, 0.01692708333333331483 ) ;
#1134 = AXIS2_PLACEMENT_3D ( 'NONE', #1065, #350, #981 ) ;
#1135 = AXIS2_PLACEMENT_3D ( 'NONE', #710, #607, #860 ) ;
#1136 = CARTESIAN_POINT ( 'NONE',  ( -0.1294322728340081274, 0.04408466382418966406, -0.1796594868046645366 ) ) ;
#1137 = VERTEX_POINT ( 'NONE', #1550 ) ;
#1138 = CARTESIAN_POINT ( 'NONE',  ( -0.4092881944444444198, -0.03385416666666667129, -0.4180541475201448032 ) ) ;
#1139 = FACE_OUTER_BOUND ( 'NONE', #1075, .T. ) ;
#1140 = DIRECTION ( 'NONE',  ( 0.000000000000000000, 1.000000000000000000, 0.000000000000000000 ) ) ;
#1141 = LINE ( 'NONE', #863, #483 ) ;
#1142 = EDGE_CURVE ( 'NONE', #1589, #1151, #1133, .T. ) ;
#1143 = CARTESIAN_POINT ( 'NONE',  ( -0.1937789937417159492, 0.000000000000000000, 0.000000000000000000 ) ) ;
#1144 = LINE ( 'NONE', #885, #690 ) ;
#1145 = CARTESIAN_POINT ( 'NONE',  ( 0.2046215080167818057, 0.03671736785602769393, -0.01435121469236517316 ) ) ;
#1146 = EDGE_CURVE ( 'NONE', #1708, #1193, #4, .T. ) ;
#1147 = CARTESIAN_POINT ( 'NONE',  ( -0.1261406250000000062, -0.03596135244320294161, -0.1799999999999999933 ) ) ;
#1148 = ORIENTED_EDGE ( 'NONE', *, *, #445, .F. ) ;
#1149 = EDGE_CURVE ( 'NONE', #531, #720, #339, .T. ) ;
#1150 = CARTESIAN_POINT ( 'NONE',  ( -0.2335320463603496322, -0.03385416666666667129, -0.4830729166666666852 ) ) ;
#1151 = VERTEX_POINT ( 'NONE', #889 ) ;
#1152 = ORIENTED_EDGE ( 'NONE', *, *, #822, .F. ) ;
#1153 = DIRECTION ( 'NONE',  ( 0.000000000000000000, -0.000000000000000000, 1.000000000000000000 ) ) ;
#1154 = CARTESIAN_POINT ( 'NONE',  ( 0.2071371639531136566, -0.03385416666666667129, -0.01582707517601572578 ) ) ;
#1155 = ORIENTED_EDGE ( 'NONE', *, *, #1559, .F. ) ;
#1156 = CIRCLE ( 'NONE', #1381, 0.3255879742721442538 ) ;
#1157 = CARTESIAN_POINT ( 'NONE',  ( 0.2335320463603499375, 0.03385416666666667129, -0.1574849423945224314 ) ) ;
#1158 = ORIENTED_EDGE ( 'NONE', *, *, #493, .F. ) ;
#1159 = AXIS2_PLACEMENT_3D ( 'NONE', #1324, #145, #545 ) ;
#1160 = CARTESIAN_POINT ( 'NONE',  ( 0.1942392198253346247, -0.05076248406735387603, -0.02699999999999999623 ) ) ;
#1161 = DIRECTION ( 'NONE',  ( 0.000000000000000000, 0.000000000000000000, 1.000000000000000000 ) ) ;
#1162 = VERTEX_POINT ( 'NONE', #137 ) ;
#1163 = VECTOR ( 'NONE', #1008, 39.37007874015748143 ) ;
#1164 = DIRECTION ( 'NONE',  ( 0.08715574274765836016, 0.000000000000000000, 0.9961946980917454342 ) ) ;
#1165 = CARTESIAN_POINT ( 'NONE',  ( 0.1981404057711984579, -0.04265146690413888081, -0.01350000000000000852 ) ) ;
#1166 = DIRECTION ( 'NONE',  ( 0.000000000000000000, 1.000000000000000000, 0.000000000000000000 ) ) ;
#1167 = VERTEX_POINT ( 'NONE', #1047 ) ;
#1168 = CARTESIAN_POINT ( 'NONE',  ( 0.2008187569151479446, -0.02460935509723653075, -0.01349999999999999117 ) ) ;
#1169 = DIRECTION ( 'NONE',  ( 1.000000000000000000, 0.000000000000000000, 0.000000000000000000 ) ) ;
#1170 = VERTEX_POINT ( 'NONE', #105 ) ;
#1171 = DIRECTION ( 'NONE',  ( -0.5591929034707473489, 0.000000000000000000, -0.8290375725550412911 ) ) ;
#1172 = CARTESIAN_POINT ( 'NONE',  ( -0.1916229035795614655, 0.03385416666666667129, -0.3589819628326517686 ) ) ;
#1173 = DIRECTION ( 'NONE',  ( 0.000000000000000000, 0.000000000000000000, 1.000000000000000000 ) ) ;
#1174 = ORIENTED_EDGE ( 'NONE', *, *, #1243, .F. ) ;
#1175 = CARTESIAN_POINT ( 'NONE',  ( 0.1261406250000000062, -0.03385416666666667129, -0.1799999999999999933 ) ) ;
#1176 = DIRECTION ( 'NONE',  ( 0.000000000000000000, 0.000000000000000000, 1.000000000000000000 ) ) ;
#1177 = EDGE_CURVE ( 'NONE', #1603, #1625, #1420, .T. ) ;
#1178 = EDGE_CURVE ( 'NONE', #165, #726, #1199, .T. ) ;
#1179 = ORIENTED_EDGE ( 'NONE', *, *, #687, .F. ) ;
#1180 = CARTESIAN_POINT ( 'NONE',  ( 0.1273348442122196333, 0.03999591531233370051, -0.1799999999999999933 ) ) ;
#1181 = ORIENTED_EDGE ( 'NONE', *, *, #756, .F. ) ;
#1182 = EDGE_CURVE ( 'NONE', #708, #513, #1186, .T. ) ;
#1183 = DIRECTION ( 'NONE',  ( 0.000000000000000000, 0.000000000000000000, 1.000000000000000000 ) ) ;
#1184 = CARTESIAN_POINT ( 'NONE',  ( 0.1949393585870043688, 0.04995903581372861113, -0.02160527428101266176 ) ) ;
#1185 = ORIENTED_EDGE ( 'NONE', *, *, #330, .F. ) ;
#1186 = LINE ( 'NONE', #387, #532 ) ;
#1187 = AXIS2_PLACEMENT_3D ( 'NONE', #754, #1446, #877 ) ;
#1188 = EDGE_CURVE ( 'NONE', #1363, #763, #1288, .T. ) ;
#1189 = CARTESIAN_POINT ( 'NONE',  ( -0.2031250000000000000, 2.487563810768061395E-17, 0.000000000000000000 ) ) ;
#1190 = AXIS2_PLACEMENT_3D ( 'NONE', #218, #519, #901 ) ;
#1191 = B_SPLINE_CURVE_WITH_KNOTS ( 'NONE', 3,
 ( #960, #172, #1478, #1184, #693, #269 ),
 .UNSPECIFIED., .F., .F.,
 ( 4, 2, 4 ),
 ( 3.844814577318240822E-07, 0.0002067436330557001554, 0.0004131027846536686893 ),
 .UNSPECIFIED. ) ;
#1192 = CIRCLE ( 'NONE', #1298, 0.4494104076549423898 ) ;
#1193 = VERTEX_POINT ( 'NONE', #1692 ) ;
#1194 = CIRCLE ( 'NONE', #260, 0.1937789937417159492 ) ;
#1195 = CARTESIAN_POINT ( 'NONE',  ( 0.1261406250000000062, 0.03596135244320298324, -0.1799999999999999933 ) ) ;
#1196 = FACE_OUTER_BOUND ( 'NONE', #168, .T. ) ;
#1197 = AXIS2_PLACEMENT_3D ( 'NONE', #328, #717, #1131 ) ;
#1198 = AXIS2_PLACEMENT_3D ( 'NONE', #1138, #376, #895 ) ;
#1199 = B_SPLINE_CURVE_WITH_KNOTS ( 'NONE', 3,
 ( #1438, #1575, #637, #1160 ),
 .UNSPECIFIED., .F., .F.,
 ( 4, 4 ),
 ( 0.0006883232916458126597, 0.0007084795015752340689 ),
 .UNSPECIFIED. ) ;
#1200 = ORIENTED_EDGE ( 'NONE', *, *, #1126, .F. ) ;
#1201 = DIRECTION ( 'NONE',  ( 0.9659258262890699775, 0.000000000000000000, 0.2588190451025145777 ) ) ;
#1202 = CARTESIAN_POINT ( 'NONE',  ( -0.2335320463603496322, 0.03385416666666667129, -0.4830729166666666852 ) ) ;
#1203 = MANIFOLD_SOLID_BREP ( 'Cut-Extrude1', #849 ) ;
#1204 = VERTEX_POINT ( 'NONE', #538 ) ;
#1205 = VERTEX_POINT ( 'NONE', #1061 ) ;
#1206 = CARTESIAN_POINT ( 'NONE',  ( -0.1942392198255218916, -0.05076248406733137319, -0.02699999999955699295 ) ) ;
#1207 = CARTESIAN_POINT ( 'NONE',  ( -0.1261406250000000062, 0.03596135244320296243, -0.1800000000000000211 ) ) ;
#1208 = ORIENTED_EDGE ( 'NONE', *, *, #1674, .F. ) ;
#1209 = FACE_OUTER_BOUND ( 'NONE', #685, .T. ) ;
#1210 = ADVANCED_FACE ( 'NONE', ( #263 ), #1310, .T. ) ;
#1211 = CARTESIAN_POINT ( 'NONE',  ( -0.1339733259106274388, -0.04890183984533511691, -0.1737822823379940318 ) ) ;
#1212 = CARTESIAN_POINT ( 'NONE',  ( -0.2335320463603496322, 0.05078125000000000000, -0.4717881944444444198 ) ) ;
#1213 = EDGE_CURVE ( 'NONE', #333, #1162, #96, .T. ) ;
#1214 = VERTEX_POINT ( 'NONE', #1299 ) ;
#1215 = ORIENTED_EDGE ( 'NONE', *, *, #1460, .T. ) ;
#1216 = CARTESIAN_POINT ( 'NONE',  ( 0.1941346837816370630, 0.05077504851179107798, -0.02724730394188526819 ) ) ;
#1217 = CARTESIAN_POINT ( 'NONE',  ( -0.1972413650294043697, 0.04332648032371756719, -0.01350000000000000852 ) ) ;
#1218 = CARTESIAN_POINT ( 'NONE',  ( 0.1949391542822929979, -0.04995897467846859702, -0.02160745185697027920 ) ) ;
#1219 = ORIENTED_EDGE ( 'NONE', *, *, #434, .F. ) ;
#1220 = ORIENTED_EDGE ( 'NONE', *, *, #143, .T. ) ;
#1221 = VECTOR ( 'NONE', #1271, 39.37007874015748854 ) ;
#1222 = ORIENTED_EDGE ( 'NONE', *, *, #869, .T. ) ;
#1223 = AXIS2_PLACEMENT_3D ( 'NONE', #41, #572, #156 ) ;
#1224 = CARTESIAN_POINT ( 'NONE',  ( 0.2335320463603496599, 0.05078125000000000000, -0.5000000000000000000 ) ) ;
#1225 = DIRECTION ( 'NONE',  ( -0.000000000000000000, -1.000000000000000000, -0.000000000000000000 ) ) ;
#1226 = DIRECTION ( 'NONE',  ( -0.000000000000000000, -1.000000000000000000, -0.000000000000000000 ) ) ;
#1227 = TOROIDAL_SURFACE ( 'NONE', #1524, 0.01128472222222223591, 0.01692708333333333218 ) ;
#1228 = AXIS2_PLACEMENT_3D ( 'NONE', #815, #1470, #689 ) ;
#1229 = EDGE_LOOP ( 'NONE', ( #1215, #1540, #595, #948, #147, #1235, #504, #390 ) ) ;
#1230 = ORIENTED_EDGE ( 'NONE', *, *, #1263, .F. ) ;
#1231 = EDGE_CURVE ( 'NONE', #1515, #907, #394, .T. ) ;
#1232 = ORIENTED_EDGE ( 'NONE', *, *, #242, .T. ) ;
#1233 = CARTESIAN_POINT ( 'NONE',  ( -0.4250640359052077488, 0.03385416666666667129, -0.4414427943153174105 ) ) ;
#1234 = CARTESIAN_POINT ( 'NONE',  ( -0.1949391542822929979, 0.04995897467846858314, -0.02160745185697031737 ) ) ;
#1235 = ORIENTED_EDGE ( 'NONE', *, *, #574, .T. ) ;
#1236 = EDGE_CURVE ( 'NONE', #117, #1045, #1645, .T. ) ;
#1237 = ORIENTED_EDGE ( 'NONE', *, *, #956, .F. ) ;
#1238 = PERSON_AND_ORGANIZATION_ROLE ( 'design_supplier' ) ;
#1239 = CARTESIAN_POINT ( 'NONE',  ( -0.1756883528030423469, -0.05078125000000000000, -0.07229191836987410025 ) ) ;
#1240 = DIRECTION ( 'NONE',  ( 2.017364672244381116E-15, 0.000000000000000000, -1.000000000000000000 ) ) ;
#1241 = ORIENTED_EDGE ( 'NONE', *, *, #1178, .F. ) ;
#1242 = CARTESIAN_POINT ( 'NONE',  ( -0.02883749098827556590, -0.05078125000000000000, -0.4180541475201488000 ) ) ;
#1243 = EDGE_CURVE ( 'NONE', #568, #132, #426, .T. ) ;
#1244 = ORIENTED_EDGE ( 'NONE', *, *, #1713, .F. ) ;
#1245 = CIRCLE ( 'NONE', #389, 0.2007628060848000440 ) ;
#1246 = AXIS2_PLACEMENT_3D ( 'NONE', #1665, #1127, #997 ) ;
#1247 = CARTESIAN_POINT ( 'NONE',  ( -0.1273348442121159108, 0.03999591531237542408, -0.1799999999999999933 ) ) ;
#1248 = LINE ( 'NONE', #313, #1384 ) ;
#1249 = VERTEX_POINT ( 'NONE', #440 ) ;
#1250 = AXIS2_PLACEMENT_3D ( 'NONE', #697, #1083, #790 ) ;
#1251 = CIRCLE ( 'NONE', #996, 0.01692708333333333912 ) ;
#1252 = DIRECTION ( 'NONE',  ( 0.000000000000000000, 1.000000000000000000, 0.000000000000000000 ) ) ;
#1253 = FACE_OUTER_BOUND ( 'NONE', #718, .T. ) ;
#1254 = DIRECTION ( 'NONE',  ( 0.000000000000000000, 0.000000000000000000, 1.000000000000000000 ) ) ;
#1255 = DIRECTION ( 'NONE',  ( -0.5591929034707473489, 0.000000000000000000, 0.8290375725550412911 ) ) ;
#1256 = ORIENTED_EDGE ( 'NONE', *, *, #164, .T. ) ;
#1257 = ADVANCED_FACE ( 'NONE', ( #414 ), #306, .T. ) ;
#1258 = CARTESIAN_POINT ( 'NONE',  ( -0.1339733259106783980, 0.04890183984521664917, -0.1737822823379756576 ) ) ;
#1259 = LINE ( 'NONE', #1013, #200 ) ;
#1260 = EDGE_CURVE ( 'NONE', #726, #1628, #802, .T. ) ;
#1261 = FACE_OUTER_BOUND ( 'NONE', #1391, .T. ) ;
#1262 = CARTESIAN_POINT ( 'NONE',  ( 0.4205729166666667962, -0.05078125000000000000, -0.4180541475201448032 ) ) ;
#1263 = EDGE_CURVE ( 'NONE', #621, #1630, #1191, .T. ) ;
#1264 = FACE_OUTER_BOUND ( 'NONE', #949, .T. ) ;
#1265 = CARTESIAN_POINT ( 'NONE',  ( -0.1386140128027603668, -0.05078125000000000000, -0.1611500892007556862 ) ) ;
#1266 = FACE_BOUND ( 'NONE', #1340, .T. ) ;
#1267 = FACE_OUTER_BOUND ( 'NONE', #1304, .T. ) ;
#1268 = AXIS2_PLACEMENT_3D ( 'NONE', #1588, #1069, #1465 ) ;
#1269 = VECTOR ( 'NONE', #407, 39.37007874015748143 ) ;
#1270 = ADVANCED_FACE ( 'NONE', ( #792 ), #800, .F. ) ;
#1271 = DIRECTION ( 'NONE',  ( -0.6427876096865395850, 0.000000000000000000, -0.7660444431189776804 ) ) ;
#1272 = CONICAL_SURFACE ( 'NONE', #533, 0.1937789937417159492, 0.6981317007977322353 ) ;
#1273 = TOROIDAL_SURFACE ( 'NONE', #1634, 0.01128472222222226019, 0.01692708333333333218 ) ;
#1274 = CARTESIAN_POINT ( 'NONE',  ( 0.000000000000000000, 0.000000000000000000, 0.000000000000000000 ) ) ;
#1275 = CC_DESIGN_APPROVAL ( #1097, ( #782 ) ) ;
#1276 = CARTESIAN_POINT ( 'NONE',  ( 0.1985717735954083130, -0.04228336674376443477, -0.01350000000000000852 ) ) ;
#1277 = ADVANCED_FACE ( 'NONE', ( #1344 ), #809, .T. ) ;
#1278 = DIRECTION ( 'NONE',  ( 0.000000000000000000, 0.000000000000000000, 1.000000000000000000 ) ) ;
#1279 = DIRECTION ( 'NONE',  ( 0.8290375725550414021, 0.000000000000000000, 0.5591929034707474599 ) ) ;
#1280 = ORIENTED_EDGE ( 'NONE', *, *, #1533, .F. ) ;
#1281 = DIRECTION ( 'NONE',  ( -0.000000000000000000, -1.000000000000000000, -0.000000000000000000 ) ) ;
#1282 = ORIENTED_EDGE ( 'NONE', *, *, #1508, .T. ) ;
#1283 = ORIENTED_EDGE ( 'NONE', *, *, #1493, .F. ) ;
#1284 = CARTESIAN_POINT ( 'NONE',  ( 0.2335320463603496322, 0.05078125000000000000, -0.4830729166666666852 ) ) ;
#1285 = CARTESIAN_POINT ( 'NONE',  ( 0.1985717735954083130, 0.04228336674376443477, -0.01350000000000000852 ) ) ;
#1286 = CARTESIAN_POINT ( 'NONE',  ( 0.1353063955804806318, -0.05012824109527780347, -0.1695594107361488023 ) ) ;
#1287 = EDGE_LOOP ( 'NONE', ( #1222, #349, #1081, #243, #1366, #893 ) ) ;
#1288 = LINE ( 'NONE', #128, #82 ) ;
#1289 = DIRECTION ( 'NONE',  ( -0.000000000000000000, -1.000000000000000000, -0.000000000000000000 ) ) ;
#1290 = CC_DESIGN_PERSON_AND_ORGANIZATION_ASSIGNMENT ( #1642, #1238, ( #782 ) ) ;
#1291 = ORIENTED_EDGE ( 'NONE', *, *, #973, .F. ) ;
#1292 = DIRECTION ( 'NONE',  ( -0.000000000000000000, -1.000000000000000000, -0.000000000000000000 ) ) ;
#1293 = CARTESIAN_POINT ( 'NONE',  ( -0.1972413650290336384, -0.04332648032398539462, -0.01350000000000000852 ) ) ;
#1294 = TOROIDAL_SURFACE ( 'NONE', #253, 0.01128472222222223591, 0.01692708333333333218 ) ;
#1295 = DIRECTION ( 'NONE',  ( 0.000000000000000000, 0.000000000000000000, 1.000000000000000000 ) ) ;
#1296 = ORIENTED_EDGE ( 'NONE', *, *, #77, .F. ) ;
#1297 = VECTOR ( 'NONE', #648, 39.37007874015748143 ) ;
#1298 = AXIS2_PLACEMENT_3D ( 'NONE', #1242, #688, #551 ) ;
#1299 = CARTESIAN_POINT ( 'NONE',  ( 0.1273348442122196333, 0.03999591531233370051, -0.1799999999999999933 ) ) ;
#1300 = AXIS2_PLACEMENT_3D ( 'NONE', #1684, #1292, #1278 ) ;
#1301 = CARTESIAN_POINT ( 'NONE',  ( -0.4155985310287497736, 0.03385416666666667129, -0.4274096062382138350 ) ) ;
#1302 = AXIS2_PLACEMENT_3D ( 'NONE', #1698, #430, #304 ) ;
#1303 = AXIS2_PLACEMENT_3D ( 'NONE', #1085, #423, #26 ) ;
#1304 = EDGE_LOOP ( 'NONE', ( #778, #1103, #70, #398 ) ) ;
#1305 = FACE_OUTER_BOUND ( 'NONE', #563, .T. ) ;
#1306 = PLANE ( 'NONE',  #946 ) ;
#1307 = CARTESIAN_POINT ( 'NONE',  ( -0.1265433113421465527, -0.03803232758029027188, -0.1799999999999999933 ) ) ;
#1308 = ADVANCED_FACE ( 'NONE', ( #1337 ), #993, .T. ) ;
#1309 = ORIENTED_EDGE ( 'NONE', *, *, #581, .T. ) ;
#1310 = CYLINDRICAL_SURFACE ( 'NONE', #1687, 0.01692708333333333218 ) ;
#1311 = DIRECTION ( 'NONE',  ( -2.017364672244381116E-15, 0.000000000000000000, 1.000000000000000000 ) ) ;
#1312 = ORIENTED_EDGE ( 'NONE', *, *, #596, .F. ) ;
#1313 = CARTESIAN_POINT ( 'NONE',  ( -0.4155985310287497736, 0.05078125000000000000, -0.4274096062382138350 ) ) ;
#1314 = DIRECTION ( 'NONE',  ( -0.000000000000000000, -1.000000000000000000, -0.000000000000000000 ) ) ;
#1315 = CARTESIAN_POINT ( 'NONE',  ( -0.1281864396932945460, -0.04210850280302453480, -0.1800000000000127887 ) ) ;
#1316 = DIRECTION ( 'NONE',  ( 0.000000000000000000, 0.000000000000000000, -1.000000000000000000 ) ) ;
#1317 = ORIENTED_EDGE ( 'NONE', *, *, #51, .T. ) ;
#1318 = CARTESIAN_POINT ( 'NONE',  ( 0.4205729166666667962, 0.05078125000000000000, -0.4180541475201448032 ) ) ;
#1319 = DIRECTION ( 'NONE',  ( 0.000000000000000000, 1.000000000000000000, 0.000000000000000000 ) ) ;
#1320 = B_SPLINE_CURVE_WITH_KNOTS ( 'NONE', 3,
 ( #1211, #144, #413, #1601, #1315, #791 ),
 .UNSPECIFIED., .F., .F.,
 ( 4, 2, 4 ),
 ( 2.145463140677698307E-07, 0.0001728451406352343636, 0.0003454757349564009498 ),
 .UNSPECIFIED. ) ;
#1321 = ORIENTED_EDGE ( 'NONE', *, *, #343, .F. ) ;
#1322 = CARTESIAN_POINT ( 'NONE',  ( 0.1424909319554139575, -0.03385416666666667129, -0.1756189484552959645 ) ) ;
#1323 = FACE_OUTER_BOUND ( 'NONE', #1463, .T. ) ;
#1324 = CARTESIAN_POINT ( 'NONE',  ( -0.4092881944444444198, 0.03385416666666667129, -0.4180541475201448032 ) ) ;
#1325 = EDGE_LOOP ( 'NONE', ( #1309, #826 ) ) ;
#1326 = CIRCLE ( 'NONE', #725, 0.02821180555555556982 ) ;
#1327 = DIRECTION ( 'NONE',  ( -0.000000000000000000, -1.000000000000000000, -0.000000000000000000 ) ) ;
#1328 = DIRECTION ( 'NONE',  ( 1.000000000000000000, 0.000000000000000000, 0.000000000000000000 ) ) ;
#1329 = CIRCLE ( 'NONE', #1082, 0.01128472222222225499 ) ;
#1330 = VERTEX_POINT ( 'NONE', #10 ) ;
#1331 = EDGE_CURVE ( 'NONE', #982, #1498, #610, .T. ) ;
#1332 = VECTOR ( 'NONE', #431, 39.37007874015748143 ) ;
#1333 = CARTESIAN_POINT ( 'NONE',  ( 0.000000000000000000, 0.000000000000000000, -0.01350000000000000852 ) ) ;
#1334 = DIRECTION ( 'NONE',  ( 0.000000000000000000, 1.000000000000000000, 0.000000000000000000 ) ) ;
#1335 = LOCAL_TIME ( 14, 40, 13.00000000000000000, #828 ) ;
#1336 = DIRECTION ( 'NONE',  ( 0.000000000000000000, 1.000000000000000000, 0.000000000000000000 ) ) ;
#1337 = FACE_OUTER_BOUND ( 'NONE', #1523, .T. ) ;
#1338 = ORIENTED_EDGE ( 'NONE', *, *, #1078, .F. ) ;
#1339 = B_SPLINE_CURVE_WITH_KNOTS ( 'NONE', 3,
 ( #1416, #1697, #514, #1032, #1561, #383 ),
 .UNSPECIFIED., .F., .F.,
 ( 4, 2, 4 ),
 ( 2.145463140654743714E-07, 0.0001728451406351138816, 0.0003454757349561623169 ),
 .UNSPECIFIED. ) ;
#1340 = EDGE_LOOP ( 'NONE', ( #1125, #11 ) ) ;
#1341 = CARTESIAN_POINT ( 'NONE',  ( -0.1985717735954083130, -0.04228336674376443477, -0.01350000000000000852 ) ) ;
#1342 = DIRECTION ( 'NONE',  ( -0.2588190451025143002, -0.000000000000000000, -0.9659258262890699775 ) ) ;
#1343 = CARTESIAN_POINT ( 'NONE',  ( -0.1940319885285773094, 0.05078125000000000000, -0.02749414619542919422 ) ) ;
#1344 = FACE_OUTER_BOUND ( 'NONE', #136, .T. ) ;
#1345 = ORIENTED_EDGE ( 'NONE', *, *, #1439, .T. ) ;
#1346 = ORIENTED_EDGE ( 'NONE', *, *, #259, .T. ) ;
#1347 = LINE ( 'NONE', #267, #344 ) ;
#1348 = CARTESIAN_POINT ( 'NONE',  ( -0.1273348442121158552, -0.03999591531237539632, -0.1800000000000000211 ) ) ;
#1349 = DIRECTION ( 'NONE',  ( 2.017364672244381116E-15, 0.000000000000000000, 1.000000000000000000 ) ) ;
#1350 = ORIENTED_EDGE ( 'NONE', *, *, #1351, .T. ) ;
#1351 = EDGE_CURVE ( 'NONE', #568, #1363, #479, .T. ) ;
#1352 = VECTOR ( 'NONE', #1693, 39.37007874015748143 ) ;
#1353 = ORIENTED_EDGE ( 'NONE', *, *, #600, .T. ) ;
#1354 = CIRCLE ( 'NONE', #1268, 0.2022425481046799534 ) ;
#1355 = ORIENTED_EDGE ( 'NONE', *, *, #1382, .F. ) ;
#1356 = AXIS2_PLACEMENT_3D ( 'NONE', #1150, #666, #803 ) ;
#1357 = B_SPLINE_CURVE_WITH_KNOTS ( 'NONE', 3,
 ( #506, #86, #1026, #123 ),
 .UNSPECIFIED., .F., .F.,
 ( 4, 4 ),
 ( 0.000000000000000000, 0.0003114381297425478502 ),
 .UNSPECIFIED. ) ;
#1358 = APPROVAL_ROLE ( '' ) ;
#1359 = AXIS2_PLACEMENT_3D ( 'NONE', #266, #1372, #1071 ) ;
#1360 = CARTESIAN_POINT ( 'NONE',  ( 0.1368582502254255540, 0.05078125000000000000, -0.1653119775527485680 ) ) ;
#1361 = CARTESIAN_POINT ( 'NONE',  ( -0.1972413650294043697, 0.04332648032371756719, -0.01350000000000000852 ) ) ;
#1362 = LOCAL_TIME ( 14, 40, 13.00000000000000000, #1116 ) ;
#1363 = VERTEX_POINT ( 'NONE', #535 ) ;
#1364 = EDGE_CURVE ( 'NONE', #1079, #1330, #1436, .T. ) ;
#1365 = EDGE_CURVE ( 'NONE', #1565, #621, #721, .T. ) ;
#1366 = ORIENTED_EDGE ( 'NONE', *, *, #1231, .T. ) ;
#1367 = EDGE_CURVE ( 'NONE', #333, #1628, #290, .T. ) ;
#1368 = CARTESIAN_POINT ( 'NONE',  ( -0.1941348085923024769, 0.05077503351094690698, -0.02724700867339413524 ) ) ;
#1369 = DIRECTION ( 'NONE',  ( -0.2588190451025143002, 0.000000000000000000, 0.9659258262890699775 ) ) ;
#1370 = VERTEX_POINT ( 'NONE', #1453 ) ;
#1371 = EDGE_CURVE ( 'NONE', #625, #1151, #746, .T. ) ;
#1372 = DIRECTION ( 'NONE',  ( 0.000000000000000000, 0.000000000000000000, -1.000000000000000000 ) ) ;
#1373 = EDGE_LOOP ( 'NONE', ( #199, #271, #284, #695 ) ) ;
#1374 = APPROVAL_DATE_TIME ( #181, #609 ) ;
#1375 = DIRECTION ( 'NONE',  ( -1.000000000000000000, 0.000000000000000000, 0.000000000000000000 ) ) ;
#1376 = CARTESIAN_POINT ( 'NONE',  ( 0.2335320463603496322, -0.05078125000000000000, -0.4830729166666666852 ) ) ;
#1377 = ORIENTED_EDGE ( 'NONE', *, *, #213, .F. ) ;
#1378 = ORIENTED_EDGE ( 'NONE', *, *, #232, .T. ) ;
#1379 = DIRECTION ( 'NONE',  ( 0.000000000000000000, 1.000000000000000000, 0.000000000000000000 ) ) ;
#1380 = ORIENTED_EDGE ( 'NONE', *, *, #1182, .T. ) ;
#1381 = AXIS2_PLACEMENT_3D ( 'NONE', #1448, #408, #1161 ) ;
#1382 = EDGE_CURVE ( 'NONE', #1589, #819, #113, .T. ) ;
#1383 = EDGE_CURVE ( 'NONE', #49, #1167, #1248, .T. ) ;
#1384 = VECTOR ( 'NONE', #1369, 39.37007874015748143 ) ;
#1385 = DIRECTION ( 'NONE',  ( 0.000000000000000000, -1.000000000000000000, -0.000000000000000000 ) ) ;
#1386 = CARTESIAN_POINT ( 'NONE',  ( -0.1386140128027603946, 0.05078125000000000000, -0.1611500892007556029 ) ) ;
#1387 = ORIENTED_EDGE ( 'NONE', *, *, #597, .T. ) ;
#1388 = EDGE_CURVE ( 'NONE', #1193, #1515, #1329, .T. ) ;
#1389 = CARTESIAN_POINT ( 'NONE',  ( -0.1320171784910783297, 0.04720197144061979294, -0.1776166606783716184 ) ) ;
#1390 = ORIENTED_EDGE ( 'NONE', *, *, #1213, .T. ) ;
#1391 = EDGE_LOOP ( 'NONE', ( #813, #541, #1473 ) ) ;
#1392 = APPROVAL_STATUS ( 'not_yet_approved' ) ;
#1393 = EDGE_CURVE ( 'NONE', #165, #1708, #331, .T. ) ;
#1394 = CYLINDRICAL_SURFACE ( 'NONE', #455, 0.01692708333333333218 ) ;
#1395 = LINE ( 'NONE', #62, #450 ) ;
#1396 = CARTESIAN_POINT ( 'NONE',  ( 0.4375000000000001110, 0.05078125000000000000, -0.4180541475201448032 ) ) ;
#1397 = DIRECTION ( 'NONE',  ( 0.000000000000000000, 0.000000000000000000, 1.000000000000000000 ) ) ;
#1398 = CARTESIAN_POINT ( 'NONE',  ( 0.000000000000000000, 0.000000000000000000, 0.000000000000000000 ) ) ;
#1399 = DIRECTION ( 'NONE',  ( 0.000000000000000000, 0.000000000000000000, -1.000000000000000000 ) ) ;
#1400 = EDGE_CURVE ( 'NONE', #801, #513, #1395, .T. ) ;
#1401 = DIRECTION ( 'NONE',  ( 0.000000000000000000, -1.000000000000000000, -0.000000000000000000 ) ) ;
#1402 = DIRECTION ( 'NONE',  ( 0.000000000000000000, 0.000000000000000000, -1.000000000000000000 ) ) ;
#1403 = AXIS2_PLACEMENT_3D ( 'NONE', #758, #95, #629 ) ;
#1404 = DIRECTION ( 'NONE',  ( -0.000000000000000000, 1.000000000000000000, -0.000000000000000000 ) ) ;
#1405 = CARTESIAN_POINT ( 'NONE',  ( 0.1972413650294043697, -0.04332648032371751862, -0.01350000000000000852 ) ) ;
#1406 = VECTOR ( 'NONE', #1120, 39.37007874015748143 ) ;
#1407 = DIRECTION ( 'NONE',  ( 1.000000000000000000, 0.000000000000000000, 0.000000000000000000 ) ) ;
#1408 = TOROIDAL_SURFACE ( 'NONE', #83, 0.3255879742721442538, 0.01692708333333333218 ) ;
#1409 = ORIENTED_EDGE ( 'NONE', *, *, #956, .T. ) ;
#1410 = EDGE_CURVE ( 'NONE', #1498, #1475, #336, .T. ) ;
#1411 = AXIS2_PLACEMENT_3D ( 'NONE', #737, #459, #593 ) ;
#1412 = CIRCLE ( 'NONE', #1525, 0.4494104076549423898 ) ;
#1413 = DIRECTION ( 'NONE',  ( 0.000000000000000000, 0.000000000000000000, 1.000000000000000000 ) ) ;
#1414 = ORIENTED_EDGE ( 'NONE', *, *, #1393, .F. ) ;
#1415 = APPLICATION_CONTEXT ( 'configuration controlled 3d designs of mechanical parts and assemblies' ) ;
#1416 = CARTESIAN_POINT ( 'NONE',  ( 0.1339733259106274665, 0.04890183984533513772, -0.1737822823379939485 ) ) ;
#1417 = DIRECTION ( 'NONE',  ( -0.2588190451025143002, 0.000000000000000000, -0.9659258262890700886 ) ) ;
#1418 = ORIENTED_EDGE ( 'NONE', *, *, #417, .T. ) ;
#1419 = CC_DESIGN_PERSON_AND_ORGANIZATION_ASSIGNMENT ( #311, #188, ( #857 ) ) ;
#1420 = LINE ( 'NONE', #240, #1297 ) ;
#1421 = LINE ( 'NONE', #1558, #1352 ) ;
#1422 = ORIENTED_EDGE ( 'NONE', *, *, #872, .F. ) ;
#1423 = EDGE_LOOP ( 'NONE', ( #888, #1378, #827, #1597, #322, #1237, #80, #131, #1345, #1283 ) ) ;
#1424 = CARTESIAN_POINT ( 'NONE',  ( 0.000000000000000000, 0.000000000000000000, -0.02699999999999999969 ) ) ;
#1425 = DIRECTION ( 'NONE',  ( 0.000000000000000000, 0.000000000000000000, -1.000000000000000000 ) ) ;
#1426 = CARTESIAN_POINT ( 'NONE',  ( -0.1985717735954083130, 0.04228336674376443477, -0.01350000000000000852 ) ) ;
#1427 = EDGE_LOOP ( 'NONE', ( #1282, #805, #900, #375 ) ) ;
#1428 = DIRECTION ( 'NONE',  ( 0.000000000000000000, -1.000000000000000000, -0.000000000000000000 ) ) ;
#1429 = CARTESIAN_POINT ( 'NONE',  ( 0.4092881944444444198, -0.03385416666666667129, -0.4180541475201448032 ) ) ;
#1430 = ORIENTED_EDGE ( 'NONE', *, *, #1713, .T. ) ;
#1431 = ADVANCED_FACE ( 'NONE', ( #838 ), #732, .F. ) ;
#1432 = CARTESIAN_POINT ( 'NONE',  ( -0.02883749098827556590, -0.05078125000000000000, -0.4180541475201488000 ) ) ;
#1433 = CIRCLE ( 'NONE', #173, 0.01692708333333334605 ) ;
#1434 = CARTESIAN_POINT ( 'NONE',  ( -0.1985717735954083130, -0.04228336674376443477, -0.01350000000000000852 ) ) ;
#1435 = EDGE_LOOP ( 'NONE', ( #707, #441, #29, #265, #1620, #1430, #573 ) ) ;
#1436 = CIRCLE ( 'NONE', #317, 0.02821180555555556982 ) ;
#1437 = CIRCLE ( 'NONE', #1134, 0.01692708333333333912 ) ;
#1438 = CARTESIAN_POINT ( 'NONE',  ( 0.1939307384407123191, -0.05078125000000000000, -0.02774141333683356053 ) ) ;
#1439 = EDGE_CURVE ( 'NONE', #582, #409, #146, .T. ) ;
#1440 = DIRECTION ( 'NONE',  ( 0.000000000000000000, 0.000000000000000000, 1.000000000000000000 ) ) ;
#1441 = CIRCLE ( 'NONE', #1411, 0.3425150576054775686 ) ;
#1442 = APPROVAL_PERSON_ORGANIZATION ( #1092, #609, #1358 ) ;
#1443 = ORIENTED_EDGE ( 'NONE', *, *, #323, .F. ) ;
#1444 = DIRECTION ( 'NONE',  ( 0.2588190451025143002, -0.000000000000000000, -0.9659258262890699775 ) ) ;
#1445 = PERSON_AND_ORGANIZATION ( #412, #643 ) ;
#1446 = DIRECTION ( 'NONE',  ( 0.000000000000000000, 1.000000000000000000, 0.000000000000000000 ) ) ;
#1447 = VERTEX_POINT ( 'NONE', #1486 ) ;
#1448 = CARTESIAN_POINT ( 'NONE',  ( -0.2335320463603499375, 0.05078125000000000000, -0.1574849423945224314 ) ) ;
#1449 = ORIENTED_EDGE ( 'NONE', *, *, #251, .T. ) ;
#1450 = DIRECTION ( 'NONE',  ( 0.000000000000000000, 0.000000000000000000, -1.000000000000000000 ) ) ;
#1451 = DIRECTION ( 'NONE',  ( -0.000000000000000000, -1.000000000000000000, -0.000000000000000000 ) ) ;
#1452 = DIRECTION ( 'NONE',  ( -1.000000000000000000, 0.000000000000000000, 0.000000000000000000 ) ) ;
#1453 = CARTESIAN_POINT ( 'NONE',  ( -0.4375000000000001110, -0.03385416666666667129, -0.4180541475201448032 ) ) ;
#1454 = ORIENTED_EDGE ( 'NONE', *, *, #391, .T. ) ;
#1455 = CARTESIAN_POINT ( 'NONE',  ( 0.4092881944444444198, 0.03385416666666667129, -0.4180541475201448032 ) ) ;
#1456 = ADVANCED_FACE ( 'NONE', ( #724 ), #321, .F. ) ;
#1457 = CARTESIAN_POINT ( 'NONE',  ( 0.1937789937417159492, 2.373108244277874327E-17, 0.000000000000000000 ) ) ;
#1458 = ORIENTED_EDGE ( 'NONE', *, *, #1371, .T. ) ;
#1459 = DIRECTION ( 'NONE',  ( 0.000000000000000000, 1.000000000000000000, 0.000000000000000000 ) ) ;
#1460 = EDGE_CURVE ( 'NONE', #763, #846, #943, .T. ) ;
#1461 = CARTESIAN_POINT ( 'NONE',  ( 0.02883749098827556590, 0.03385416666666667129, -0.4180541475201488000 ) ) ;
#1462 = CARTESIAN_POINT ( 'NONE',  ( 0.1972413650294043697, -0.04332648032371751862, -0.01350000000000000852 ) ) ;
#1463 = EDGE_LOOP ( 'NONE', ( #575, #174, #578, #73, #185, #1 ) ) ;
#1464 = CIRCLE ( 'NONE', #1626, 0.09499999999999998723 ) ;
#1465 = DIRECTION ( 'NONE',  ( -1.000000000000000000, 0.000000000000000000, 0.000000000000000000 ) ) ;
#1466 = ORIENTED_EDGE ( 'NONE', *, *, #812, .T. ) ;
#1467 = CONICAL_SURFACE ( 'NONE', #37, 0.2031250000000000000, 0.08726646259971666819 ) ;
#1468 = AXIS2_PLACEMENT_3D ( 'NONE', #771, #359, #227 ) ;
#1469 = CARTESIAN_POINT ( 'NONE',  ( 0.1265433113421466083, 0.03803232758029034821, -0.1799999999999999933 ) ) ;
#1470 = DIRECTION ( 'NONE',  ( 0.000000000000000000, 1.000000000000000000, 0.000000000000000000 ) ) ;
#1471 = DIRECTION ( 'NONE',  ( -0.2588190451025146332, 0.000000000000000000, 0.9659258262890700886 ) ) ;
#1472 = DIRECTION ( 'NONE',  ( 0.000000000000000000, 0.000000000000000000, 1.000000000000000000 ) ) ;
#1473 = ORIENTED_EDGE ( 'NONE', *, *, #1578, .T. ) ;
#1474 = EDGE_LOOP ( 'NONE', ( #1377, #835, #1346, #1489 ) ) ;
#1475 = VERTEX_POINT ( 'NONE', #447 ) ;
#1476 = LENGTH_MEASURE_WITH_UNIT ( LENGTH_MEASURE( 0.02539999999999999897 ), #1609 );
#1477 = CARTESIAN_POINT ( 'NONE',  ( 0.4155985310287497736, 0.05078125000000000000, -0.4274096062382138350 ) ) ;
#1478 = CARTESIAN_POINT ( 'NONE',  ( 0.1959895575132199752, 0.04743950668562752632, -0.01691968857836287712 ) ) ;
#1479 = ORIENTED_EDGE ( 'NONE', *, *, #189, .T. ) ;
#1480 = B_SPLINE_CURVE_WITH_KNOTS ( 'NONE', 3,
 ( #1590, #1216, #814, #840 ),
 .UNSPECIFIED., .F., .F.,
 ( 4, 4 ),
 ( 2.142007858083291410E-07, 2.039694640615955930E-05 ),
 .UNSPECIFIED. ) ;
#1481 = VERTEX_POINT ( 'NONE', #1262 ) ;
#1482 = ORIENTED_EDGE ( 'NONE', *, *, #124, .F. ) ;
#1483 = APPROVAL_ROLE ( '' ) ;
#1484 = EDGE_CURVE ( 'NONE', #463, #665, #853, .T. ) ;
#1485 = CARTESIAN_POINT ( 'NONE',  ( 0.1320171784910816049, -0.04720197144062354688, -0.1776166606783688429 ) ) ;
#1486 = CARTESIAN_POINT ( 'NONE',  ( 0.2022425481046799534, 0.000000000000000000, -0.01008647131817879544 ) ) ;
#1487 = ORIENTED_EDGE ( 'NONE', *, *, #421, .T. ) ;
#1488 = ADVANCED_FACE ( 'NONE', ( #184 ), #1124, .F. ) ;
#1489 = ORIENTED_EDGE ( 'NONE', *, *, #251, .F. ) ;
#1490 = AXIS2_PLACEMENT_3D ( 'NONE', #1611, #1316, #1074 ) ;
#1491 = SHAPE_DEFINITION_REPRESENTATION ( #166, #739 ) ;
#1492 = AXIS2_PLACEMENT_3D ( 'NONE', #1534, #354, #882 ) ;
#1493 = EDGE_CURVE ( 'NONE', #1690, #409, #881, .T. ) ;
#1494 = AXIS2_PLACEMENT_3D ( 'NONE', #190, #347, #335 ) ;
#1495 = DIRECTION ( 'NONE',  ( -0.000000000000000000, -1.000000000000000000, -0.000000000000000000 ) ) ;
#1496 = CARTESIAN_POINT ( 'NONE',  ( 0.1573260574059493211, -0.05078125000000000000, -0.1167947523908113017 ) ) ;
#1497 = AXIS2_PLACEMENT_3D ( 'NONE', #935, #154, #525 ) ;
#1498 = VERTEX_POINT ( 'NONE', #191 ) ;
#1499 = DIRECTION ( 'NONE',  ( 0.000000000000000000, 0.000000000000000000, -1.000000000000000000 ) ) ;
#1500 = ORIENTED_EDGE ( 'NONE', *, *, #1658, .T. ) ;
#1501 = DATE_AND_TIME ( #965, #1607 ) ;
#1502 = CARTESIAN_POINT ( 'NONE',  ( -0.2335320463603499375, 0.03385416666666667129, -0.1574849423945224314 ) ) ;
#1503 = CARTESIAN_POINT ( 'NONE',  ( 0.1261406250000000062, -0.03385416666666667129, -0.1799999999999999933 ) ) ;
#1504 = ORIENTED_EDGE ( 'NONE', *, *, #795, .T. ) ;
#1505 = CARTESIAN_POINT ( 'NONE',  ( -0.2017138017992769206, 0.03960217212546856408, -0.01350000000000000852 ) ) ;
#1506 = ADVANCED_FACE ( 'NONE', ( #608 ), #830, .F. ) ;
#1507 = ORIENTED_EDGE ( 'NONE', *, *, #182, .T. ) ;
#1508 = EDGE_CURVE ( 'NONE', #1515, #1079, #262, .T. ) ;
#1509 = CARTESIAN_POINT ( 'NONE',  ( -0.2226318417234069702, -0.05078125000000000000, -0.4747088954742471056 ) ) ;
#1510 = CARTESIAN_POINT ( 'NONE',  ( -0.1945167240858726720, 0.05064435682078880646, -0.02427257470840467335 ) ) ;
#1511 = ORIENTED_EDGE ( 'NONE', *, *, #1178, .T. ) ;
#1512 = CARTESIAN_POINT ( 'NONE',  ( -0.1281882144081850639, 0.04211290541031887519, -0.1800000000000126499 ) ) ;
#1513 = CIRCLE ( 'NONE', #28, 0.1937789937417159492 ) ;
#1514 = EDGE_CURVE ( 'NONE', #1330, #1064, #978, .T. ) ;
#1515 = VERTEX_POINT ( 'NONE', #1376 ) ;
#1516 = EDGE_LOOP ( 'NONE', ( #955, #1454, #1653, #1232, #650, #1018, #449, #929 ) ) ;
#1517 = CONICAL_SURFACE ( 'NONE', #775, 0.2031250000000000000, 0.08726646259971666819 ) ;
#1518 = AXIS2_PLACEMENT_3D ( 'NONE', #1202, #27, #1349 ) ;
#1519 = B_SPLINE_CURVE_WITH_KNOTS ( 'NONE', 3,
 ( #499, #886, #235, #515 ),
 .UNSPECIFIED., .F., .F.,
 ( 4, 4 ),
 ( 0.0009385218283102631474, 0.001877114100427185704 ),
 .UNSPECIFIED. ) ;
#1520 = AXIS2_PLACEMENT_3D ( 'NONE', #942, #1450, #55 ) ;
#1521 = CARTESIAN_POINT ( 'NONE',  ( 0.1937789937417159492, 2.424932568077941869E-17, 0.000000000000000000 ) ) ;
#1522 = DIRECTION ( 'NONE',  ( 0.000000000000000000, 0.000000000000000000, -1.000000000000000000 ) ) ;
#1523 = EDGE_LOOP ( 'NONE', ( #1338, #714, #315, #797 ) ) ;
#1524 = AXIS2_PLACEMENT_3D ( 'NONE', #1536, #357, #1676 ) ;
#1525 = AXIS2_PLACEMENT_3D ( 'NONE', #1581, #543, #1591 ) ;
#1526 = AXIS2_PLACEMENT_3D ( 'NONE', #1157, #509, #1295 ) ;
#1527 = B_SPLINE_CURVE_WITH_KNOTS ( 'NONE', 3,
 ( #723, #576, #61, #716 ),
 .UNSPECIFIED., .F., .F.,
 ( 4, 4 ),
 ( 1.094331091973375819E-06, 0.0009385218283102624969 ),
 .UNSPECIFIED. ) ;
#1528 = CARTESIAN_POINT ( 'NONE',  ( 0.1261406250000000062, -0.03385416666666667129, -0.1799999999999999933 ) ) ;
#1529 = EDGE_CURVE ( 'NONE', #463, #684, #151, .T. ) ;
#1530 = EDGE_LOOP ( 'NONE', ( #1031, #842, #1656, #951 ) ) ;
#1531 = DIRECTION ( 'NONE',  ( 0.000000000000000000, 0.000000000000000000, 1.000000000000000000 ) ) ;
#1532 = DIRECTION ( 'NONE',  ( 0.000000000000000000, 1.000000000000000000, 0.000000000000000000 ) ) ;
#1533 = EDGE_CURVE ( 'NONE', #1204, #865, #1666, .T. ) ;
#1534 = CARTESIAN_POINT ( 'NONE',  ( 0.000000000000000000, 0.000000000000000000, -0.1799999999999999933 ) ) ;
#1535 = DIRECTION ( 'NONE',  ( 0.000000000000000000, 1.000000000000000000, 0.000000000000000000 ) ) ;
#1536 = CARTESIAN_POINT ( 'NONE',  ( 0.4092881944444444198, -0.03385416666666667129, -0.4180541475201448032 ) ) ;
#1537 = CARTESIAN_POINT ( 'NONE',  ( 0.2017138017992769206, 0.03960217212546856408, -0.01350000000000000852 ) ) ;
#1538 = ADVANCED_FACE ( 'NONE', ( #1555 ), #1562, .T. ) ;
#1539 = CARTESIAN_POINT ( 'NONE',  ( -0.2071371639531136566, -0.03385416666666667129, -0.01582707517601572578 ) ) ;
#1540 = ORIENTED_EDGE ( 'NONE', *, *, #526, .T. ) ;
#1541 = DIRECTION ( 'NONE',  ( -0.000000000000000000, -1.000000000000000000, -0.000000000000000000 ) ) ;
#1542 = CARTESIAN_POINT ( 'NONE',  ( 0.4092881944444444198, 0.05078125000000000000, -0.4180541475201448032 ) ) ;
#1543 = FACE_OUTER_BOUND ( 'NONE', #1325, .T. ) ;
#1544 = CARTESIAN_POINT ( 'NONE',  ( 0.1985717735954083130, -0.04228336674376443477, -0.01350000000000000852 ) ) ;
#1545 = ADVANCED_FACE ( 'NONE', ( #1267 ), #618, .T. ) ;
#1546 = AXIS2_PLACEMENT_3D ( 'NONE', #1455, #794, #1680 ) ;
#1547 = CARTESIAN_POINT ( 'NONE',  ( 0.2226318417234070257, -0.03385416666666667129, -0.4747088954742471056 ) ) ;
#1548 = ORIENTED_EDGE ( 'NONE', *, *, #1041, .F. ) ;
#1549 = AXIS2_PLACEMENT_3D ( 'NONE', #112, #384, #1399 ) ;
#1550 = CARTESIAN_POINT ( 'NONE',  ( 0.1985717735954083130, 0.03675038376904609522, -0.01350000000000000852 ) ) ;
#1551 = TOROIDAL_SURFACE ( 'NONE', #858, 0.1334684823927417552, 0.009842519685039369942 ) ;
#1552 = DIRECTION ( 'NONE',  ( -0.000000000000000000, -0.000000000000000000, 1.000000000000000000 ) ) ;
#1553 = ORIENTED_EDGE ( 'NONE', *, *, #161, .T. ) ;
#1554 = FACE_OUTER_BOUND ( 'NONE', #1641, .T. ) ;
#1555 = FACE_OUTER_BOUND ( 'NONE', #152, .T. ) ;
#1556 = CARTESIAN_POINT ( 'NONE',  ( 0.4155985310287497181, -0.03385416666666667129, -0.4274096062382137795 ) ) ;
#1557 = EDGE_LOOP ( 'NONE', ( #1174, #1350, #640, #208 ) ) ;
#1558 = CARTESIAN_POINT ( 'NONE',  ( -0.2062815347679930189, 0.05078125000000000000, -0.4790899470189511344 ) ) ;
#1559 = EDGE_CURVE ( 'NONE', #36, #1625, #1357, .T. ) ;
#1560 = ORIENTED_EDGE ( 'NONE', *, *, #31, .F. ) ;
#1561 = CARTESIAN_POINT ( 'NONE',  ( 0.1281864396932984596, 0.04210850280303130022, -0.1800000000000118450 ) ) ;
#1562 = CYLINDRICAL_SURFACE ( 'NONE', #180, 0.01692708333333333912 ) ;
#1563 = ADVANCED_FACE ( 'NONE', ( #1139 ), #427, .T. ) ;
#1564 = CARTESIAN_POINT ( 'NONE',  ( 0.1368431091925310927, -0.05078124999999999306, -0.1653478681049530274 ) ) ;
#1565 = VERTEX_POINT ( 'NONE', #1285 ) ;
#1566 = CARTESIAN_POINT ( 'NONE',  ( -0.2335320463603499375, -0.03385416666666667129, -0.1574849423945224314 ) ) ;
#1567 = LINE ( 'NONE', #388, #1080 ) ;
#1568 = ORIENTED_EDGE ( 'NONE', *, *, #1400, .F. ) ;
#1569 = CARTESIAN_POINT ( 'NONE',  ( -0.2335320463603499375, 0.03385416666666667129, -0.1574849423945224314 ) ) ;
#1570 = MECHANICAL_CONTEXT ( 'NONE', #1681, 'mechanical' ) ;
#1571 = CARTESIAN_POINT ( 'NONE',  ( -0.4092881944444444198, 0.05078125000000000000, -0.4180541475201448032 ) ) ;
#1572 = ORIENTED_EDGE ( 'NONE', *, *, #161, .F. ) ;
#1573 = AXIS2_PLACEMENT_3D ( 'NONE', #1212, #954, #1095 ) ;
#1574 = CIRCLE ( 'NONE', #971, 0.2019439030424000359 ) ;
#1575 = CARTESIAN_POINT ( 'NONE',  ( 0.1940319885285773094, -0.05078125000000000000, -0.02749414619542919769 ) ) ;
#1576 = FACE_OUTER_BOUND ( 'NONE', #599, .T. ) ;
#1577 = AXIS2_PLACEMENT_3D ( 'NONE', #1556, #1279, #906 ) ;
#1578 = EDGE_CURVE ( 'NONE', #1628, #36, #540, .T. ) ;
#1579 = ORIENTED_EDGE ( 'NONE', *, *, #1331, .F. ) ;
#1580 = DIRECTION ( 'NONE',  ( 0.000000000000000000, 1.000000000000000000, 0.000000000000000000 ) ) ;
#1581 = CARTESIAN_POINT ( 'NONE',  ( 0.02883749098827556590, -0.05078125000000000000, -0.4180541475201488000 ) ) ;
#1582 = DIRECTION ( 'NONE',  ( -1.000000000000000000, 0.000000000000000000, 0.000000000000000000 ) ) ;
#1583 = DIRECTION ( 'NONE',  ( 0.000000000000000000, 1.000000000000000000, 0.000000000000000000 ) ) ;
#1584 = ADVANCED_FACE ( 'NONE', ( #1033 ), #1467, .T. ) ;
#1585 = ORIENTED_EDGE ( 'NONE', *, *, #1701, .T. ) ;
#1586 = B_SPLINE_CURVE_WITH_KNOTS ( 'NONE', 3,
 ( #988, #1512, #1136, #1389, #209, #1258 ),
 .UNSPECIFIED., .F., .F.,
 ( 4, 2, 4 ),
 ( 0.0001203282832490386349, 0.0002926748301883636753, 0.0004650213771276887021 ),
 .UNSPECIFIED. ) ;
#1587 = CARTESIAN_POINT ( 'NONE',  ( 0.1273348442121159385, -0.03999591531237550041, -0.1799999999999999933 ) ) ;
#1588 = CARTESIAN_POINT ( 'NONE',  ( 0.000000000000000000, 0.000000000000000000, -0.01008647131817879544 ) ) ;
#1589 = VERTEX_POINT ( 'NONE', #781 ) ;
#1590 = CARTESIAN_POINT ( 'NONE',  ( 0.1942392198255218916, 0.05076248406733137319, -0.02699999999955701030 ) ) ;
#1591 = DIRECTION ( 'NONE',  ( 8.928146016091178498E-16, 0.000000000000000000, 1.000000000000000000 ) ) ;
#1592 = ORIENTED_EDGE ( 'NONE', *, *, #722, .T. ) ;
#1593 = CARTESIAN_POINT ( 'NONE',  ( -0.1942392198255218916, -0.05076248406733137319, -0.02699999999955699295 ) ) ;
#1594 = DIRECTION ( 'NONE',  ( -0.000000000000000000, -1.000000000000000000, -0.000000000000000000 ) ) ;
#1595 = ORIENTED_EDGE ( 'NONE', *, *, #973, .T. ) ;
#1596 = LINE ( 'NONE', #418, #1221 ) ;
#1597 = ORIENTED_EDGE ( 'NONE', *, *, #760, .F. ) ;
#1598 = FACE_OUTER_BOUND ( 'NONE', #1474, .T. ) ;
#1599 = CARTESIAN_POINT ( 'NONE',  ( 0.1386140128027603668, -0.05078125000000000000, -0.1611500892007556862 ) ) ;
#1600 = ADVANCED_FACE ( 'NONE', ( #367 ), #1306, .F. ) ;
#1601 = CARTESIAN_POINT ( 'NONE',  ( -0.1294235585503865638, -0.04407448026148944042, -0.1796668586850249660 ) ) ;
#1602 = DIRECTION ( 'NONE',  ( 0.2588190451025143002, 0.000000000000000000, -0.9659258262890699775 ) ) ;
#1603 = VERTEX_POINT ( 'NONE', #1670 ) ;
#1604 = AXIS2_PLACEMENT_3D ( 'NONE', #619, #1166, #644 ) ;
#1605 = AXIS2_PLACEMENT_3D ( 'NONE', #488, #577, #69 ) ;
#1606 = ORIENTED_EDGE ( 'NONE', *, *, #1177, .F. ) ;
#1607 = LOCAL_TIME ( 14, 40, 13.00000000000000000, #583 ) ;
#1608 = CIRCLE ( 'NONE', #1303, 0.01692708333333331483 ) ;
#1609 =( LENGTH_UNIT ( ) NAMED_UNIT ( * ) SI_UNIT ( $, .METRE. ) );
#1610 = DIRECTION ( 'NONE',  ( -0.000000000000000000, -0.000000000000000000, -1.000000000000000000 ) ) ;
#1611 = CARTESIAN_POINT ( 'NONE',  ( 0.000000000000000000, 0.000000000000000000, -0.01350000000000000852 ) ) ;
#1612 = ORIENTED_EDGE ( 'NONE', *, *, #1129, .F. ) ;
#1613 = EDGE_CURVE ( 'NONE', #1565, #1603, #1686, .T. ) ;
#1614 = ORIENTED_EDGE ( 'NONE', *, *, #1188, .F. ) ;
#1615 = APPLICATION_PROTOCOL_DEFINITION ( 'international standard', 'config_control_design', 1994, #1415 ) ;
#1616 = CARTESIAN_POINT ( 'NONE',  ( -0.1972413650290336384, -0.04332648032398539462, -0.01350000000000000852 ) ) ;
#1617 = CARTESIAN_POINT ( 'NONE',  ( 0.1942392198253346247, -0.05076248406735387603, -0.02699999999999999623 ) ) ;
#1618 = EDGE_LOOP ( 'NONE', ( #655, #1614, #992, #360, #1355, #686 ) ) ;
#1619 = EDGE_CURVE ( 'NONE', #402, #1167, #15, .T. ) ;
#1620 = ORIENTED_EDGE ( 'NONE', *, *, #600, .F. ) ;
#1621 = DATE_TIME_ROLE ( 'creation_date' ) ;
#1622 = CARTESIAN_POINT ( 'NONE',  ( 0.000000000000000000, 0.000000000000000000, 0.000000000000000000 ) ) ;
#1623 = CARTESIAN_POINT ( 'NONE',  ( -0.1573259103081736388, 0.05078125000000000000, -0.1167951010737865308 ) ) ;
#1624 = ADVANCED_FACE ( 'NONE', ( #217 ), #1551, .T. ) ;
#1625 = VERTEX_POINT ( 'NONE', #1154 ) ;
#1626 = AXIS2_PLACEMENT_3D ( 'NONE', #72, #606, #1128 ) ;
#1627 = ORIENTED_EDGE ( 'NONE', *, *, #469, .F. ) ;
#1628 = VERTEX_POINT ( 'NONE', #1405 ) ;
#1629 = CARTESIAN_POINT ( 'NONE',  ( 0.4155985310287497736, -0.05078125000000000000, -0.4274096062382138350 ) ) ;
#1630 = VERTEX_POINT ( 'NONE', #1685 ) ;
#1631 = AXIS2_PLACEMENT_3D ( 'NONE', #460, #969, #1662 ) ;
#1632 = DATE_AND_TIME ( #709, #1362 ) ;
#1633 = TOROIDAL_SURFACE ( 'NONE', #1050, 0.01128472222222226019, 0.01692708333333333218 ) ;
#1634 = AXIS2_PLACEMENT_3D ( 'NONE', #1130, #197, #1661 ) ;
#1635 = CARTESIAN_POINT ( 'NONE',  ( -0.4155985310287497181, -0.03385416666666667129, -0.4274096062382137795 ) ) ;
#1636 = CARTESIAN_POINT ( 'NONE',  ( -0.1261406250000000062, 0.05078125000000000000, -0.01350000000000000852 ) ) ;
#1637 = ORIENTED_EDGE ( 'NONE', *, *, #323, .T. ) ;
#1638 = EDGE_CURVE ( 'NONE', #665, #1051, #677, .T. ) ;
#1639 = ORIENTED_EDGE ( 'NONE', *, *, #1410, .F. ) ;
#1640 = FACE_OUTER_BOUND ( 'NONE', #325, .T. ) ;
#1641 = EDGE_LOOP ( 'NONE', ( #302, #1553, #456, #1115, #793, #261 ) ) ;
#1642 = PERSON_AND_ORGANIZATION ( #412, #643 ) ;
#1643 = PLANE ( 'NONE',  #1135 ) ;
#1644 = DIRECTION ( 'NONE',  ( -1.000000000000000000, 0.000000000000000000, 0.000000000000000000 ) ) ;
#1645 = B_SPLINE_CURVE_WITH_KNOTS ( 'NONE', 3,
 ( #1206, #280, #20, #818 ),
 .UNSPECIFIED., .F., .F.,
 ( 4, 4 ),
 ( 2.142007856208375246E-07, 2.039694640597148749E-05 ),
 .UNSPECIFIED. ) ;
#1646 = ORIENTED_EDGE ( 'NONE', *, *, #1365, .T. ) ;
#1647 = EDGE_CURVE ( 'NONE', #1162, #1137, #1519, .T. ) ;
#1648 = CARTESIAN_POINT ( 'NONE',  ( 0.4250640359052077488, 0.05078125000000000000, -0.4414427943153174105 ) ) ;
#1649 = CARTESIAN_POINT ( 'NONE',  ( -0.1353063955804862661, 0.05012824109528034311, -0.1695594107361331759 ) ) ;
#1650 = CALENDAR_DATE ( 2026, 1, 7 ) ;
#1651 = FACE_OUTER_BOUND ( 'NONE', #158, .T. ) ;
#1652 = DIRECTION ( 'NONE',  ( 0.000000000000000000, 0.000000000000000000, -1.000000000000000000 ) ) ;
#1653 = ORIENTED_EDGE ( 'NONE', *, *, #1182, .F. ) ;
#1654 = DIRECTION ( 'NONE',  ( -1.000000000000000000, 0.000000000000000000, 0.000000000000000000 ) ) ;
#1655 = CIRCLE ( 'NONE', #422, 0.4663374909882757047 ) ;
#1656 = ORIENTED_EDGE ( 'NONE', *, *, #950, .F. ) ;
#1657 = AXIS2_PLACEMENT_3D ( 'NONE', #122, #352, #866 ) ;
#1658 = EDGE_CURVE ( 'NONE', #1481, #676, #1087, .T. ) ;
#1659 = CONICAL_SURFACE ( 'NONE', #698, 0.2007628060848000440, 0.3771581886829982189 ) ;
#1660 = AXIS2_PLACEMENT_3D ( 'NONE', #214, #1114, #589 ) ;
#1661 = DIRECTION ( 'NONE',  ( 0.000000000000000000, 0.000000000000000000, 1.000000000000000000 ) ) ;
#1662 = DIRECTION ( 'NONE',  ( -0.2588190451025143002, 0.000000000000000000, -0.9659258262890699775 ) ) ;
#1663 = AXIS2_PLACEMENT_3D ( 'NONE', #673, #808, #953 ) ;
#1664 = AXIS2_PLACEMENT_3D ( 'NONE', #1635, #977, #1171 ) ;
#1665 = CARTESIAN_POINT ( 'NONE',  ( 0.2335320463603496322, 0.05078125000000000000, -0.4717881944444444198 ) ) ;
#1666 = B_SPLINE_CURVE_WITH_KNOTS ( 'NONE', 3,
 ( #1293, #100, #245, #1706 ),
 .UNSPECIFIED., .F., .F.,
 ( 4, 4 ),
 ( 0.0007984304454724000001, 0.0008402940594143386852 ),
 .UNSPECIFIED. ) ;
#1667 = ORIENTED_EDGE ( 'NONE', *, *, #987, .T. ) ;
#1668 = EDGE_CURVE ( 'NONE', #351, #1205, #998, .T. ) ;
#1669 = CARTESIAN_POINT ( 'NONE',  ( 0.1942392198253346247, -0.05076248406735387603, -0.02699999999999999623 ) ) ;
#1670 = CARTESIAN_POINT ( 'NONE',  ( 0.2071371639531136566, 0.03385416666666667129, -0.01582707517601572578 ) ) ;
#1671 = CARTESIAN_POINT ( 'NONE',  ( 0.1261406250000000062, 0.03385416666666667129, -0.1799999999999999933 ) ) ;
#1672 = CARTESIAN_POINT ( 'NONE',  ( -0.09499999999999998723, 0.000000000000000000, 0.000000000000000000 ) ) ;
#1673 = FACE_OUTER_BOUND ( 'NONE', #957, .T. ) ;
#1674 = EDGE_CURVE ( 'NONE', #1051, #1603, #811, .T. ) ;
#1675 = CIRCLE ( 'NONE', #659, 0.09499999999999998723 ) ;
#1676 = DIRECTION ( 'NONE',  ( 0.000000000000000000, 0.000000000000000000, 1.000000000000000000 ) ) ;
#1677 = CARTESIAN_POINT ( 'NONE',  ( 0.1573260574059493211, 0.05078125000000000000, -0.1167947523908112739 ) ) ;
#1678 = CARTESIAN_POINT ( 'NONE',  ( -0.2046215080167818057, -0.03671736785602769393, -0.01435121469236517316 ) ) ;
#1679 = VERTEX_POINT ( 'NONE', #393 ) ;
#1680 = DIRECTION ( 'NONE',  ( 0.000000000000000000, 0.000000000000000000, 1.000000000000000000 ) ) ;
#1681 = APPLICATION_CONTEXT ( 'configuration controlled 3d designs of mechanical parts and assemblies' ) ;
#1682 = CARTESIAN_POINT ( 'NONE',  ( -0.2335320463603496322, -0.05078125000000000000, -0.4717881944444444198 ) ) ;
#1683 = ORIENTED_EDGE ( 'NONE', *, *, #1493, .T. ) ;
#1684 = CARTESIAN_POINT ( 'NONE',  ( -0.2335320463603496322, -0.03385416666666667129, -0.4717881944444444198 ) ) ;
#1685 = CARTESIAN_POINT ( 'NONE',  ( 0.1942392198255218916, 0.05076248406733137319, -0.02699999999955701030 ) ) ;
#1686 = B_SPLINE_CURVE_WITH_KNOTS ( 'NONE', 3,
 ( #1009, #1537, #1145, #255 ),
 .UNSPECIFIED., .F., .F.,
 ( 4, 4 ),
 ( 0.000000000000000000, 0.0003114381297425478502 ),
 .UNSPECIFIED. ) ;
#1687 = AXIS2_PLACEMENT_3D ( 'NONE', #921, #1428, #773 ) ;
#1688 = PLANE ( 'NONE',  #1716 ) ;
#1689 = ADVANCED_FACE ( 'NONE', ( #670 ), #1055, .T. ) ;
#1690 = VERTEX_POINT ( 'NONE', #133 ) ;
#1691 = EDGE_CURVE ( 'NONE', #1205, #1079, #25, .T. ) ;
#1692 = CARTESIAN_POINT ( 'NONE',  ( 0.2226318417234069702, -0.05078125000000000000, -0.4747088954742471056 ) ) ;
#1693 = DIRECTION ( 'NONE',  ( 0.000000000000000000, -1.000000000000000000, -0.000000000000000000 ) ) ;
#1694 = VERTEX_POINT ( 'NONE', #916 ) ;
#1695 = EDGE_CURVE ( 'NONE', #16, #132, #591, .T. ) ;
#1696 = ORIENTED_EDGE ( 'NONE', *, *, #278, .F. ) ;
#1697 = CARTESIAN_POINT ( 'NONE',  ( 0.1333068213148531078, 0.04828866703986691572, -0.1758936223479178884 ) ) ;
#1698 = CARTESIAN_POINT ( 'NONE',  ( 0.4205729166666666852, -0.03385416666666667129, -0.4180541475201448032 ) ) ;
#1699 = DIRECTION ( 'NONE',  ( 0.000000000000000000, 0.000000000000000000, 1.000000000000000000 ) ) ;
#1700 = ORIENTED_EDGE ( 'NONE', *, *, #668, .F. ) ;
#1701 = EDGE_CURVE ( 'NONE', #93, #555, #1347, .T. ) ;
#1702 = CARTESIAN_POINT ( 'NONE',  ( 0.2019147354545330342, -0.01232900531308256213, -0.01383338705486514622 ) ) ;
#1703 = DIRECTION ( 'NONE',  ( 0.6427876096865395850, 7.871877887341988761E-17, -0.7660444431189776804 ) ) ;
#1704 = ORIENTED_EDGE ( 'NONE', *, *, #462, .T. ) ;
#1705 = CARTESIAN_POINT ( 'NONE',  ( 0.4375000000000001110, -0.03385416666666667129, -0.4180541475201448032 ) ) ;
#1706 = CARTESIAN_POINT ( 'NONE',  ( -0.1985717735954083130, -0.04228336674376443477, -0.01350000000000000852 ) ) ;
#1707 = LINE ( 'NONE', #527, #30 ) ;
#1708 = VERTEX_POINT ( 'NONE', #1599 ) ;
#1709 = ADVANCED_FACE ( 'NONE', ( #1196 ), #485, .T. ) ;
#1710 = FACE_OUTER_BOUND ( 'NONE', #1229, .T. ) ;
#1711 = DIRECTION ( 'NONE',  ( 0.000000000000000000, 0.000000000000000000, 1.000000000000000000 ) ) ;
#1712 = VERTEX_POINT ( 'NONE', #8 ) ;
#1713 = EDGE_CURVE ( 'NONE', #281, #1045, #1412, .T. ) ;
#1714 = CARTESIAN_POINT ( 'NONE',  ( 0.1261406250000000062, 0.03385416666666667129, -0.1799999999999999933 ) ) ;
#1715 = PERSON_AND_ORGANIZATION_ROLE ( 'design_owner' ) ;
#1716 = AXIS2_PLACEMENT_3D ( 'NONE', #899, #1140, #1699 ) ;
#1717 = LINE ( 'NONE', #1073, #484 ) ;
#1718 = DIRECTION ( 'NONE',  ( 0.000000000000000000, 0.000000000000000000, -1.000000000000000000 ) ) ;
ENDSEC;
END-ISO-10303-21;
